sigmaE,2.967945e+07,2.969944e+07,2.971943e+07,2.973941e+07,2.975940e+07,2.977938e+07,2.979937e+07,2.981936e+07,2.983934e+07,2.985933e+07,2.987931e+07,2.989930e+07,2.991929e+07,2.993927e+07,2.994927e+07,2.995355e+07,2.995783e+07,2.995926e+07,2.996211e+07,2.996640e+07,2.997068e+07,2.997496e+07,2.997925e+07,2.998353e+07,2.998781e+07,2.999209e+07,2.999638e+07,2.999923e+07,3.000066e+07,3.000494e+07,3.000923e+07,3.001922e+07,3.003920e+07,3.005919e+07,3.007918e+07,3.009916e+07,3.011915e+07,3.013914e+07,3.015912e+07,3.017911e+07,3.019909e+07,3.021908e+07,3.023907e+07,3.025905e+07,3.027904e+07
1.239842e-03,0.0030086185138389118,0.0030086185138389118,0.0030474393978884456,0.0030474393978884456,0.00308626028193798,0.0031250811659875137,0.0031639020500370475,0.0032221333761113494,0.0033191855862351864,0.0034744691224333226,0.003707394426730529,0.0041344241512754065,0.0048720209482165594,0.006230751889950261,0.007201273991188618,0.007628303715733495,0.008055333440278374,0.008191206534451743,0.008443542280773717,0.008792930237219526,0.009084086867591034,0.009336422613913008,0.009549937476185447,0.009705221012383582,0.009821683664532187,0.009899325432631256,0.009918735874656023,0.009918735874656023,0.009918735874656023,0.009879914990606488,0.00980227322250742,0.009414064382012075,0.0077447663678821,0.00595900570160352,0.004949662716315628,0.004406170339622146,0.004095603267225871,0.0038626779629286657,0.003707394426730529,0.0035909317745819263,0.003513290006482857,0.0034744691224333226,0.0033968273543342545,0.00335800647028472,0.0033191855862351864
7.418388e-03,0.016840175993320917,0.016607897703757868,0.016607897703757868,0.016607897703757868,0.016607897703757868,0.01637561941419482,0.01637561941419482,0.01637561941419482,0.016143341124631772,0.01591106283506873,0.015678784545505683,0.015446506255942632,0.014981949676816536,0.014285114808127396,0.0138205582290013,0.013588279939438256,0.013588279939438256,0.013588279939438256,0.013588279939438256,0.014052836518564347,0.015330367111161106,0.017885428296354627,0.022763272377178612,0.0320544039597005,0.04575882304392028,0.056792041798165015,0.05934710298335853,0.05934710298335853,0.05934710298335853,0.04750091021564313,0.03925503093615496,0.030312316787977644,0.02450535954890147,0.022182576653271,0.02102118520545576,0.02032435033676662,0.019859793757640527,0.01962751546807748,0.019162958888951385,0.01893068059938834,0.01893068059938834,0.01869840230982529,0.01869840230982529,0.018466124020262247,0.018466124020262247
1.359693e-02,0.030440102197974026,0.030440102197974026,0.030440102197974026,0.030014366502897467,0.030014366502897467,0.030014366502897467,0.029588630807820912,0.029588630807820912,0.029162895112744343,0.028737159417667784,0.02831142372259123,0.02745995233243811,0.026608480942284983,0.02447980246690219,0.023202595381672506,0.02235112399151939,0.02149965260136627,0.021073916906289705,0.02022244551613659,0.01894523843090691,0.01809376704075379,0.018519502735830345,0.02277685968659595,0.034484591301201344,0.06535042919425194,0.10047362403806812,0.10877547009206102,0.10877547009206102,0.10473098098883372,0.07876110358916356,0.06598903273686677,0.052578358341955136,0.04321217305027082,0.039806287489658344,0.0381033447093521,0.036826137624122415,0.035974666233969305,0.03554893053889274,0.03512319484381619,0.03469745914873963,0.034271723453663056,0.034271723453663056,0.0338459877585865,0.0338459877585865,0.033420252063509945
1.977548e-02,0.044272306692190184,0.044272306692190184,0.044272306692190184,0.0436531135916001,0.0436531135916001,0.0436531135916001,0.043033920491010035,0.043033920491010035,0.042414727390419966,0.041795534289829885,0.041176341189239817,0.03993795498805968,0.03808037568628945,0.0349844101833391,0.0325076377809788,0.03126925157979866,0.029411672278028454,0.028792479177438376,0.02755409297625822,0.02507732057389794,0.021981355070947572,0.019814179218882323,0.02260054817153764,0.036841989485109305,0.08421026168024986,0.1436527993368968,0.15820383720076353,0.15820383720076353,0.14891594069191244,0.111145161555918,0.09318856163880591,0.07492236517139879,0.062228906609302276,0.05727536180458171,0.054798589402221425,0.05294101010045119,0.052321816999861125,0.05108343079868098,0.050464237698090914,0.05015464114779588,0.049845044597500845,0.04922585149691077,0.04922585149691077,0.04922585149691077,0.04860665839632068
2.595403e-02,0.05810451118640634,0.05810451118640634,0.05729186068030276,0.05729186068030276,0.05729186068030276,0.05647921017419917,0.05647921017419917,0.05566655966809559,0.05566655966809559,0.05485390916199201,0.05322860814978483,0.052415957643681246,0.0499780061253705,0.045914753594852566,0.04266415157043822,0.04022620005212747,0.038194573786868496,0.03697559802771312,0.03535029701550596,0.03128704448498803,0.026411141448366513,0.021535238411745,0.022347888917848578,0.04022620005212747,0.10483191528736249,0.1873159416568764,0.20763220430946602,0.20763220430946602,0.1934108204526533,0.1438391395803346,0.1210849254094342,0.09751806073243022,0.08126505061035852,0.07517017181458165,0.0719195697901673,0.06948161827185655,0.06785631725964937,0.06704366675354578,0.0662310162474422,0.06541836574133862,0.06541836574133862,0.06460571523523503,0.06460571523523503,0.06379306472913143,0.06379306472913143
3.213257e-02,0.07193671568062251,0.07193671568062251,0.07093060776900541,0.07093060776900541,0.07093060776900541,0.06992449985738831,0.06992449985738831,0.06891839194577123,0.06891839194577123,0.06791228403415414,0.06590006821091991,0.06388785238768574,0.06187563656445154,0.05684509700636605,0.051814557448280556,0.049802341625046355,0.04678401789019507,0.04577790997857796,0.04275958624372669,0.0377290466856412,0.031692399215938576,0.023643535923001814,0.022637428011384707,0.04426874811115232,0.1272726508195629,0.23140481967193258,0.25706057141816857,0.2545453016391258,0.23693841318582662,0.17657193848880073,0.14840091696352195,0.11972684148243468,0.10010773720590128,0.09256192786877304,0.08803444226649608,0.08602222644326188,0.08401001062002769,0.08300390270841058,0.08199779479679352,0.08099168688517638,0.08099168688517638,0.0799855789735593,0.0799855789735593,0.07897947106194221,0.07897947106194221
3.831112e-02,0.08576892017483866,0.08576892017483866,0.08456935485770804,0.08456935485770804,0.08456935485770804,0.08336978954057743,0.08336978954057743,0.08217022422344683,0.08097065890631623,0.08097065890631623,0.078571528272055,0.07617239763779377,0.07257370168640194,0.06657587510074887,0.06177761383222644,0.059378483197965244,0.05577978724657338,0.05398043927087748,0.05098152597805095,0.04498369939239789,0.03658674217248364,0.025790654318308126,0.022191958366916283,0.04918217800235503,0.14994566464132633,0.2753002402814752,0.30648893852687104,0.3010908945997833,0.28309741484282414,0.20932414783929157,0.17633610161819974,0.14274827273854268,0.11935674905449577,0.10976022651745089,0.10496196524892844,0.10256283461466721,0.100163703980406,0.09896413866327539,0.09776457334614475,0.09656500802901415,0.09656500802901415,0.09536544271188355,0.09536544271188355,0.09416587739475293,0.09416587739475293
4.448966e-02,0.09960112466905482,0.09960112466905482,0.0982081019464107,0.0982081019464107,0.0982081019464107,0.09681507922376657,0.09681507922376657,0.09542205650112244,0.09402903377847835,0.0926360110558342,0.09124298833319007,0.08845694288790185,0.08427787471996946,0.07731276110674884,0.07174067021617234,0.06825811340956207,0.06407904524162969,0.061989511157663484,0.058506954351053186,0.051541840737832564,0.04179068167932368,0.028556965814204544,0.02228836356230596,0.05432788618312079,0.1727348176078713,0.32039522620814836,0.35591730563557356,0.3468626579383868,0.32805685118269107,0.2423859537400775,0.20477434022868618,0.16507319263332862,0.13860576090309026,0.12746157912193729,0.12188948823136078,0.11910344278607256,0.1163173973407843,0.11492437461814017,0.11353135189549607,0.11213832917285194,0.11213832917285194,0.1107453064502078,0.1107453064502078,0.10935228372756371,0.10935228372756371
5.066821e-02,0.11343332916327098,0.11343332916327098,0.11184684903511335,0.11184684903511335,0.11184684903511335,0.11026036890695573,0.11026036890695573,0.1086738887787981,0.10708740865064043,0.1055009285224828,0.10391444839432518,0.1007414881380099,0.09598204775353697,0.08804964711274883,0.08170372660011826,0.07694428621564536,0.07218484583117243,0.07059836570301481,0.06583892531854191,0.05790652467775374,0.046801163780650294,0.031729602563152715,0.022210721794206894,0.05949300480591137,0.19672353589154687,0.36489042947625633,0.4053456727442761,0.39265383171901497,0.3720295900529657,0.27525430223534986,0.23241933877509371,0.1879978951866799,0.15706153268760598,0.1451629317264237,0.1388170112137932,0.1356440509574779,0.1324710907011626,0.130884610573005,0.12929813044484736,0.12771165031668968,0.12771165031668968,0.12612517018853206,0.12612517018853206,0.12453869006037444,0.12453869006037444
5.684675e-02,0.12726553365748716,0.12726553365748716,0.12548559612381605,0.12548559612381605,0.12548559612381605,0.12370565859014487,0.12370565859014487,0.12192572105647372,0.12014578352280258,0.11836584598913143,0.11658590845546027,0.11302603338811801,0.10768622078710452,0.09878653311874877,0.09166678298406418,0.08632697038305075,0.0809871577820373,0.07920722024836616,0.07386740764735271,0.06496771997899692,0.0525081572432989,0.03470878190658743,0.022249219170889366,0.06496771997899696,0.22071225417522256,0.4102756015111999,0.4547740398529786,0.4378646332831027,0.41472544534537775,0.3079291933251089,0.2598708799159878,0.2109225977400312,0.17621381583344378,0.16286428433091016,0.15574453419622555,0.15218465912888327,0.14862478406154095,0.14684484652786983,0.14506490899419866,0.1432849714605275,0.1432849714605275,0.14150503392685637,0.14150503392685637,0.1397250963931852,0.1397250963931852
6.302530e-02,0.14109773815170332,0.14109773815170332,0.13912434321251868,0.13912434321251868,0.13912434321251868,0.137150948273334,0.137150948273334,0.1351775533341493,0.13320415839496466,0.13123076345578,0.12925736851659536,0.12531057863822598,0.11939039382067204,0.10952341912474874,0.10064314189841775,0.09570965455045609,0.08978946973290211,0.08781607479371747,0.08189588997616346,0.07202891528024015,0.05722845323635518,0.037494503844508593,0.02269404180062359,0.07104221781064782,0.24667436739808277,0.4548675334820645,0.5042024069616811,0.4824950626306498,0.45782762589084147,0.34139732447894644,0.28811566112096065,0.23187390535419772,0.19536609897928156,0.1805656369353965,0.17267205717865788,0.1687252673002886,0.16477847742191923,0.1628050824827346,0.16083168754354993,0.1588582926043653,0.1588582926043653,0.1568848976651806,0.1568848976651806,0.1549115027259959,0.1549115027259959
6.920385e-02,0.15492994264591942,0.15492994264591942,0.15276309030122126,0.15276309030122126,0.15276309030122126,0.15059623795652316,0.15059623795652316,0.14842938561182492,0.14626253326712677,0.14409568092242855,0.1419288285777304,0.13759512388833406,0.1310945668542395,0.12026030513074867,0.1105094695796069,0.10509233871786144,0.09859178168376694,0.09534150316671969,0.08992437230497423,0.07800668440913426,0.06283871799624705,0.04117019454926531,0.02275194961933083,0.07800668440913426,0.27410682160431904,0.497292613108231,0.5536307740703835,0.5265451197616563,0.5005428916252782,0.3759488818051332,0.31527701615358433,0.2546051505020354,0.21451838212511926,0.1982669895398829,0.18959958016109027,0.18526587547169387,0.1809321707822976,0.17876531843759935,0.1765984660929012,0.174431613748203,0.174431613748203,0.17226476140350486,0.17226476140350486,0.1700979090588067,0.1700979090588067
7.538239e-02,0.16876214714013557,0.16876214714013557,0.16640183738992392,0.16640183738992392,0.16640183738992392,0.16404152763971225,0.16404152763971225,0.16168121788950057,0.15932090813928887,0.1569605983890771,0.15460028863886546,0.14987966913844208,0.14279873988780706,0.1309971911367486,0.12037579726079606,0.11447502288526677,0.10739409363463172,0.10385362900931422,0.09795285463378504,0.0849711510076207,0.0684489827561389,0.04484588525402206,0.02242294262701101,0.082610841257409,0.30093949315199003,0.5393307779233705,0.603059141179086,0.5700148046761223,0.5428712425486879,0.4095137416617276,0.3434250686558004,0.27733639564987317,0.23367066527095698,0.2159683421443693,0.2065271031435226,0.20180648364309922,0.19708586414267582,0.19472555439246414,0.19236524464225246,0.19000493489204076,0.19000493489204076,0.18764462514182909,0.18764462514182909,0.1852843153916174,0.1852843153916174
8.156094e-02,0.1838712352122144,0.1825943516343518,0.18004058447862661,0.18004058447862661,0.18004058447862661,0.17748681732290142,0.17748681732290142,0.1749330501671762,0.17237928301145097,0.16982551585572578,0.16727174870000064,0.16216421438855022,0.15450291292137458,0.1417340771427486,0.13024212494198517,0.12385770705267224,0.114919522007634,0.11236575485190879,0.10470445338473325,0.09193561760610719,0.07405924751603081,0.047244692380916165,0.021707020823664207,0.08938185045038201,0.32815907951068823,0.5822589115053456,0.6524875082877886,0.6141810009519106,0.5860895622389335,0.44307860151832223,0.3715731211580166,0.3013445243755736,0.25282294841679476,0.23366969474885577,0.223454626125955,0.2183470918145046,0.21323955750305418,0.21068579034732898,0.20813202319160384,0.20557825603587862,0.20430137245801602,0.2030244888801534,0.2030244888801534,0.20047072172442823,0.197916954568703
8.773948e-02,0.1978001684091873,0.19093210700609053,0.19367933156732928,0.19367933156732928,0.19367933156732928,0.19093210700609053,0.19093210700609053,0.18818488244485182,0.18543765788361316,0.1826904333223744,0.17994320876113565,0.17444875963865827,0.16620708595494213,0.15247096314874856,0.14010845262317437,0.13324039122007758,0.1236251052557421,0.12087788069450332,0.11263620701078716,0.09890008420459363,0.07966951227592267,0.04945004210229684,0.020604184209290305,0.09477924736273563,0.3571391929610327,0.6236199754011877,0.7019158753964911,0.6565866701360523,0.6277408122430459,0.4766434613749167,0.3997211736602327,0.3241724982261681,0.27197523156263254,0.2513710473533422,0.24038214910838734,0.23488769998590994,0.22939325086343254,0.2266460263021938,0.2238988017409551,0.22115157717971637,0.21840435261847765,0.21840435261847765,0.21840435261847765,0.20741545437352285,0.2101626789347615
9.391803e-02,0.21025876062278412,0.20290705570590356,0.1970256917723991,0.2073180786560319,0.2073180786560319,0.20437739668927962,0.20437739668927962,0.20143671472252742,0.19849603275577518,0.19555535078902297,0.19261466882227077,0.1867333048887663,0.17791125898850965,0.1632078491547485,0.1499747803043635,0.14262307538748295,0.1323306885038501,0.12939000653709792,0.12056796063684125,0.10586455080308012,0.08527977703581455,0.05293227540154004,0.022055114750641695,0.1014535278529518,0.38669967862791765,0.664594124486003,0.7513442425051936,0.6998823080870297,0.6690051474361313,0.5116786622148872,0.4278692261624487,0.34553013109338643,0.2911275147084703,0.2690723999578286,0.2573096720908197,0.24995796717393914,0.24554694422381082,0.24260626225705853,0.23966558029030638,0.23672489832355417,0.23378421635680188,0.23378421635680188,0.22790285242329744,0.21466978357291247,0.22496217045654524
1.000966e-01,0.22409096511700027,0.21468854700020312,0.20528612888340586,0.20998733794180444,0.22095682574473455,0.21782268637246882,0.21782268637246882,0.21468854700020312,0.21155440762793729,0.2084202682556716,0.20528612888340586,0.1990178501388744,0.18961543202207715,0.17394473516074851,0.15984110798555265,0.15043868986875542,0.1410362717519582,0.1379021323796925,0.12849971426289525,0.11282901740156656,0.09089004179570641,0.056414508700783315,0.020371905919727297,0.10656073865703514,0.4137063971390774,0.7051813587597912,0.8007726096138961,0.74279103122698,0.7114496375043226,0.5453402507742384,0.45601727866466496,0.3682613762412243,0.31027979785430804,0.2867737525623151,0.27423719507325217,0.26640184664258776,0.26170063758418916,0.2585664982119234,0.2554323588396577,0.2522982194673919,0.24916408009512617,0.24916408009512617,0.21625561668633597,0.22722510448926603,0.239761661978329
1.062751e-01,0.23792316961121646,0.22794037927787866,0.21462999216676165,0.20464720183342394,0.23459557283343718,0.23126797605565794,0.23126797605565794,0.22794037927787866,0.2246127825000994,0.22128518572232014,0.2179575889445409,0.21130239538898246,0.2013196050556447,0.18301782277785875,0.16970743566674185,0.15972464533340405,0.14974185500006626,0.146414258222287,0.13643146788894928,0.11979348400005305,0.09650030655559827,0.05989674200002652,0.021629379055565064,0.11313829044449451,0.4442341698335299,0.7453816782225522,0.8502009767225985,0.7853128395559033,0.7520368717781107,0.5790018393335896,0.484165331166881,0.390992621389062,0.32943208100014587,0.30447510516680143,0.2911647180556845,0.2828457261112363,0.27785433094456746,0.2745267341667882,0.2711991373890089,0.2678715406112297,0.2645439438334504,0.25955254866678157,0.22627658088898903,0.2395869680001061,0.252897355111223
1.124537e-01,0.2517553741054326,0.24119221155555431,0.22710799482238322,0.21302377808921216,0.24471326573884702,0.24471326573884702,0.24471326573884702,0.24119221155555431,0.2376711573722615,0.23415010318896873,0.23062904900567602,0.22358694063909043,0.21302377808921216,0.193657980081102,0.17957376334793096,0.16901060079805266,0.1584474382481744,0.15492638406488157,0.14436322151500328,0.12675795059853953,0.10035004422384373,0.06337897529926972,0.022886852191402983,0.12147636932360038,0.4735817876528766,0.7851950828742862,0.8996293438313011,0.8274477330737994,0.7939977183325182,0.6161844820762334,0.5123133836690971,0.4137238665368997,0.34858436414598354,0.32217645777128784,0.3080922410381167,0.2992896055798849,0.29400802430494577,0.290486970121653,0.2869659159383602,0.28344486175506745,0.2623185366553109,0.2728816992051892,0.2376711573722615,0.25351590119707895,0.26760011793025
1.186322e-01,0.26558757859964877,0.2544440438332299,0.23958599747800483,0.22472795112277968,0.256301299627633,0.2563012996276331,0.2581585554220362,0.2544440438332299,0.2507295322444236,0.2470150206556174,0.2433005090668111,0.23587148588919854,0.22472795112277968,0.20429813738434516,0.18758283523471697,0.17829655626270122,0.16715302149628244,0.16343850990747621,0.15229497514105728,0.13372241719702593,0.10586358028097889,0.06686120859851293,0.020429813738434537,0.12815064981381646,0.5033163202832505,0.8264788285093965,0.9490577109400036,0.8691957117806686,0.8357651074814122,0.6500395280410983,0.5404614361713131,0.4364551116847375,0.3677366472918214,0.33987781037577425,0.32501976402054916,0.3157334850485335,0.3101617176653241,0.3064472060765178,0.3027326944877115,0.29901818289890525,0.27115934598285824,0.2878746481324864,0.2507295322444236,0.26558757859964877,0.282302880749277
1.248108e-01,0.27941978309386495,0.2676958761109055,0.2520640001336264,0.2344781396591874,0.26964986060806545,0.2540179846307863,0.27160384510522534,0.2676958761109055,0.26378790711658573,0.259879938122266,0.25597196912794623,0.24815603113930657,0.2364321241563473,0.21493829468758846,0.19735243421314938,0.1875825117273499,0.17585860474439055,0.17195063575007072,0.16022672876711136,0.14068688379551242,0.1094231318409541,0.07034344189775621,0.02149382946875883,0.1328709458068728,0.5334377677246512,0.8656151322418333,0.9965320935515464,0.910556775676511,0.8753850547276328,0.685848558503123,0.5686094886735293,0.45918635683257525,0.38688893043765926,0.35757916298026077,0.34194728700298155,0.3321773645171821,0.3263154110257024,0.3224074420313826,0.31849947303706283,0.3087295505512633,0.2833277520881847,0.30286759705978367,0.26378790711658573,0.27941978309386495,0.297005643568304
1.309893e-01,0.29325198758808096,0.28094770838858113,0.264542002789248,0.24608558398999808,0.28094770838858113,0.2624912895893313,0.28504913478841437,0.28094770838858113,0.2768462819887479,0.2727448555889146,0.2686434291890813,0.26044057638941465,0.24813629718991473,0.22557845199083154,0.20712203319158165,0.19686846719199852,0.1845641879924986,0.1804627615926653,0.16815848239316536,0.14765135039399882,0.1148399391953325,0.07382567519699941,0.022557845199083198,0.1394484975943322,0.5639461299770789,0.9043645211632431,1.0417623055576586,0.9535816379612426,0.9166688003627428,0.721851046370661,0.5967575411757454,0.4819176019804129,0.4060412135834968,0.37528051558474707,0.35887480998541393,0.3486212439858306,0.3424691043860807,0.3383676779862473,0.3342662515864141,0.32401268558683083,0.29530270078799764,0.31786054598708086,0.27479556878883127,0.29325198758808096,0.31170840638733094
1.371679e-01,0.30708419208229726,0.29205209876358335,0.27487256354219614,0.2576930283208088,0.29419954066625675,0.2727251216395228,0.29634698256893016,0.29419954066625675,0.2899046568609099,0.2856097730555631,0.2813148892502164,0.2727251216395228,0.25984047022348217,0.23621860929407476,0.21689163217001414,0.20615442265664707,0.19326977124060665,0.18897488743525986,0.17609023601921936,0.15246837508981187,0.12025674654971082,0.0773079084962427,0.01932697712406071,0.14602604938179167,0.5948414070405337,0.944874437176299,1.086605602752744,0.9942656009377875,0.9577590885923397,0.7580469916437126,0.6249055936779615,0.5046488471282506,0.4230460548266612,0.39298186818923353,0.3758023329678462,0.3650651234544792,0.358622797746459,0.3543279139411122,0.34788558823309196,0.337148378719725,0.30923163398497067,0.3328534949143781,0.28775721495823653,0.30708419208229726,0.3264111692063579
1.433464e-01,0.3209163965765134,0.30520720233850224,0.2872538374950609,0.2670563020461894,0.30745137294393254,0.2850096668896307,0.30969554354936263,0.30745137294393254,0.30296303173307204,0.29847469052221176,0.2939863493113514,0.2850096668896307,0.27154464325704986,0.24685876659731792,0.22666123114844647,0.21544037812129577,0.20197535448871476,0.19748701327785437,0.18402198964527344,0.1593361129855416,0.1256735539040892,0.07854597119005577,0.020197535448871453,0.15484777177468126,0.6261235989150158,0.9829467251784118,1.1265736439259422,1.0345626491033055,0.9986559194164228,0.796680564927708,0.6552978167856078,0.5251359216706583,0.4421016092697422,0.4084390501882898,0.39272985595027865,0.3815090029231278,0.37477649110683736,0.370288149895977,0.32540473778737383,0.3523347850525357,0.32316056718194364,0.3456022732362452,0.3007188611276419,0.3209163965765134,0.3411139320253848
1.495249e-01,0.33474860107072957,0.3183623059134212,0.2996351114479257,0.2785670176742435,0.320703205221608,0.29729421213973883,0.320703205221608,0.3089987086806734,0.31602140660523426,0.3113396079888603,0.30665780937248643,0.29729421213973883,0.28324881629061727,0.2574989239005612,0.2364308301268789,0.22472633358594424,0.2106809377368229,0.20599913912044893,0.19195374327132744,0.1662038508812713,0.1310903612584675,0.0819314757865422,0.021068093773682274,0.1591811529567105,0.6577927056005245,1.020632098369497,1.1634269561688992,1.0768136817659832,1.0393592928349924,0.8333601537145435,0.6835425979905807,0.5477704381157392,0.46115716371282317,0.4260436740900194,0.409657378932711,0.3979528823917764,0.39093018446721567,0.3862483858508418,0.33708950037891655,0.36752119138534634,0.33708950037891655,0.3604984934607857,0.3136805072970473,0.33474860107072957,0.3558166948444118
1.557035e-01,0.3485808055649457,0.3315174094883399,0.3120163854007905,0.2900777333022974,0.3339550374992836,0.30957875738984686,0.3339550374992836,0.30714112937890314,0.32907978147739625,0.3242045254555089,0.31932926943362155,0.30957875738984686,0.2949529893241848,0.2681390812038043,0.24620042910531123,0.23401228905059285,0.21938652098493078,0.21451126496304343,0.19988549689738144,0.173071588777001,0.13894479662378953,0.08531698038302869,0.021938652098493095,0.16575870474416995,0.6898487270970604,1.0603681847604993,1.1993129813842887,1.1164336290122037,1.0798692088480484,0.8726708279178361,0.7117873791955533,0.5728425825717639,0.4802127181559042,0.4436482979917491,0.4265849019151433,0.41439676186042496,0.4070838778275939,0.37051945766343874,0.35101843357588935,0.3802699697072135,0.3485808055649457,0.3753947136853261,0.3266421534664526,0.3485808055649457,0.37051945766343874
1.618820e-01,0.36241301005916193,0.34467251306325886,0.32439765935365544,0.30158844893035147,0.34720686977695936,0.3193289459262545,0.34720686977695936,0.31679458921255405,0.3421381563495584,0.33706944292215757,0.3320007294947567,0.321863302639955,0.3066571623577523,0.27877923850704756,0.2559700280837437,0.24329824451524162,0.22809210423303883,0.22302339080563807,0.20781725052343553,0.17993932667273077,0.14445833268092462,0.08870248497951512,0.022809210423303913,0.1723362565316295,0.7222916634046234,1.0973764570322875,1.2367660762858113,1.1582010181610978,1.1176513107418908,0.9098340602184554,0.7400321604005264,0.5955738277196018,0.4992682725989852,0.4612529218934788,0.4435124248975758,0.43084064132907357,0.42323757118797223,0.38015350705506484,0.36241301005916193,0.3953596473372674,0.36241301005916193,0.3902909339098667,0.33960379963585796,0.36241301005916193,0.38268786376876535
1.680606e-01,0.37624521455337806,0.3578276166381777,0.3367789333065202,0.31309916455840553,0.3604587020546349,0.3315167624736058,0.3604587020546349,0.3262545916406915,0.35519653122172057,0.3499343603888061,0.34467218955589185,0.334147847890063,0.3183613353913199,0.2894193958102908,0.2683707124786333,0.2525841999798902,0.2367976874811471,0.23153551664823266,0.21574900414948953,0.1868070645684604,0.14997186873805976,0.0920879895760017,0.018417597915200357,0.17891380831908887,0.7603836853561277,1.1339978144930487,1.2708142561488223,1.1997749499044783,1.1576775832411634,0.9498218353410454,0.7709080270219564,0.6183050728674395,0.5183238270420663,0.4788575457952085,0.4604399478800081,0.4472845207977222,0.4393912645483506,0.3946628124685783,0.37624521455337806,0.41044932496732145,0.37624521455337806,0.40518715413440715,0.3499343603888061,0.37624521455337806,0.39729389788503555
1.742391e-01,0.3900774190475941,0.37098272021309653,0.3491602072593849,0.32460988018645953,0.37371053433231044,0.3437045790209571,0.37371053433231044,0.3382489507825292,0.35461583549781284,0.36279927785545474,0.3573436496170269,0.346432393140171,0.33006550842488735,0.30005955311353394,0.2782370401598225,0.2618701554445387,0.24550327072925507,0.24004764249082722,0.22368075777554344,0.1936748024641902,0.15548540479519493,0.09547349417248806,0.019094698834497627,0.1882191742257622,0.793793908691258,1.1729600712619963,1.3038951489842658,1.238427610123131,1.1975103983349218,0.9874687111554481,0.7992495369296859,0.641036318015277,0.5373793814851473,0.496462169696938,0.47736747086244047,0.4637284002663707,0.45554495790872884,0.4091721178820918,0.38734960492838016,0.4255390025973754,0.3900774190475941,0.4200833743589475,0.36279927785545474,0.3900774190475941,0.4118999320013057
1.804177e-01,0.4039096235418104,0.38413782378801553,0.36154148121224977,0.3361205958145135,0.3869623666099862,0.3558923955683085,0.38413782378801553,0.350243309924367,0.36154148121224977,0.3756641953221034,0.37001510967816204,0.35871693839027907,0.34176968145845493,0.31069971041677724,0.28810336784101165,0.2711561109091874,0.2542088539773632,0.2457352255114511,0.2316125114015976,0.2005425403599199,0.16099894085233002,0.09885899876897457,0.019771799753794974,0.1920689118940078,0.8275910468374157,1.2089043278034604,1.3388332976141128,1.279517898352728,1.2371497560231675,1.0309581300193063,0.8275910468374157,0.663767563163115,0.5564349359282282,0.5140667935986677,0.4942949938448729,0.4801722797350193,0.4716986512691072,0.4208568804736346,0.4010850807198397,0.44062868022742946,0.4039096235418104,0.4349795945834881,0.3756641953221034,0.4010850807198397,0.426505966117576
1.865962e-01,0.4177418280360266,0.3972929273629343,0.3739227551651146,0.34763131144256754,0.4002141988876618,0.3680802121156596,0.3972929273629343,0.3622376690662049,0.3739227551651146,0.38852911278875196,0.382686569739297,0.3710014836403871,0.3534738544920225,0.3213398677200203,0.29796969552220076,0.280442066373836,0.26291443722547114,0.25415062265128896,0.2395442650276516,0.20741027825564945,0.16651247690946513,0.102244503365461,0.020448900673092317,0.19864646368146718,0.8617750997946003,1.2444616695338973,1.3729976166219053,1.3204147291768111,1.2765956563058993,1.0721066495749771,0.8588538282698728,0.6864988083109527,0.5754904903713093,0.5316714175003975,0.5112225168273052,0.4966161592036679,0.48785234462948546,0.43526945718439125,0.4148205565112991,0.45571835785748355,0.4177418280360266,0.44987581480802863,0.38852911278875196,0.4148205565112991,0.44111200023384617
1.927748e-01,0.43157403253024257,0.41044803093785315,0.3832860288904952,0.35914202707062154,0.4134660311653375,0.380268028663011,0.41044803093785315,0.37423202820804263,0.38630402911797945,0.40139403025540055,0.3953580298004321,0.3832860288904952,0.36517802752558987,0.3319800250232637,0.3078360232033899,0.2897280218384846,0.2716200204735793,0.2625660197911266,0.2474760186537056,0.21427801615137917,0.17202601296660014,0.10563000796194742,0.021126001592389514,0.20824201569641082,0.9023820680177802,1.2766140962258228,1.406388106007644,1.3581001023678967,1.3188660994106016,1.1166600841691594,0.887292066880359,0.7092300534587903,0.5945460448143903,0.549276041402127,0.5281500398097375,0.5130600386723164,0.5040060379898638,0.44666403366766366,0.4285560323027584,0.4708080354875374,0.43157403253024257,0.46477203503256903,0.40139403025540055,0.4285560323027584,0.4557180343501165
1.989533e-01,0.4454062370244589,0.4204884055825311,0.3955705741406033,0.37065274269867565,0.42671786344301316,0.3924558452103624,0.42360313451277215,0.38622638734988046,0.39868530307084427,0.40802948986156734,0.40802948986156734,0.3955705741406033,0.37688220055915744,0.3426201823265068,0.3177023508845791,0.2990139773031332,0.2803256037216874,0.27098141693096456,0.25229304334951874,0.22114575404710887,0.17753954902373545,0.10901551255843385,0.02180310251168686,0.21491629618662697,0.9375334080025326,1.311300879631449,1.4358900368410876,1.3985132896781962,1.3580218135850635,1.1617938909798824,0.9157303054908456,0.7288465696763874,0.6136015992574714,0.5668806653038568,0.54507756279217,0.5232744602804832,0.5201597313502422,0.4609798816756638,0.44229150809421797,0.48589771311759145,0.4454062370244589,0.47966825525710965,0.4111442187918082,0.44229150809421797,0.47032406846638664
2.051319e-01,0.45923844151867493,0.4335467804546932,0.40785511939071134,0.3789520006937318,0.4399696957206886,0.4046436617577136,0.43675823808769093,0.3982207464917182,0.41106657702370913,0.41106657702370913,0.4207009499227023,0.40785511939071134,0.388586373592725,0.35326033962975006,0.32756867856576827,0.30829993276778184,0.2890311869697955,0.2793968140708023,0.2601280682728158,0.22801349194283857,0.18305308508087048,0.11240101715492058,0.022480203430984055,0.22159057667684315,0.9762831204313094,1.34238929059305,1.4708475959129594,1.438733019582982,1.3969840703540115,1.2107195276401432,0.9473800017343297,0.7514810861214682,0.6326571537005523,0.5844852892055864,0.5620050857746023,0.5234675941786296,0.5363134247106205,0.47529572968366374,0.45602698388567725,0.5009873907476455,0.45923844151867493,0.49456447548165006,0.42391240755570003,0.45602698388567725,0.48171864494965916
2.113104e-01,0.47307064601289106,0.4466051553268552,0.42013966464081937,0.390365987619029,0.45322152799836424,0.4168314783050648,0.44991334166260966,0.41021510563355595,0.42344785097657384,0.4168314783050648,0.43337240998383736,0.42013966464081937,0.40029054662629254,0.36390049693299314,0.3374350062469574,0.31758588823243034,0.2977367702179035,0.28781221121063993,0.2679630931961131,0.2348812298385683,0.18525843480225107,0.11578652175140701,0.0231573043502814,0.2315730435028137,1.0156132050766264,1.3762055156738653,1.5019165964325354,1.478759292082254,1.4357528697174458,1.2604189939224582,0.9759149690475726,0.7774237889023035,0.6517127081436332,0.602089913107316,0.5789326087570346,0.5392343727279808,0.5524671180709986,0.48961157769166347,0.4697624596771366,0.5160770683776994,0.4697624596771366,0.5094606957061905,0.4366805963195918,0.4697624596771366,0.4962279503631726
2.174889e-01,0.48690285050710724,0.4596635301990174,0.4324242098909275,0.4017799745443263,0.4630684452375286,0.42901929485241624,0.4630684452375286,0.42220946477539373,0.43242420989092745,0.42901929485241624,0.44604387004497253,0.4324242098909275,0.4119947196598601,0.3745406542362364,0.3473013339281465,0.326871843697079,0.30644235346601156,0.2962276083504779,0.2757981181194104,0.241748967734298,0.19067524215662954,0.11917202634789344,0.017024575192556204,0.23834405269578673,1.0555236619384845,1.4096348259436533,1.535616682368569,1.5185921071760131,1.4743282116753669,1.3108922898268274,1.0078548513993268,0.8001550340501415,0.6707682625867143,0.6196945370090456,0.5958601317394671,0.5481913212003097,0.5686208114313772,0.5039274256996635,0.48349793546859604,0.5311667460077535,0.48349793546859604,0.524356915930731,0.4494487850834837,0.48349793546859604,0.5107372557766859
2.236675e-01,0.5007350550013234,0.4727219050711796,0.4447087551410355,0.41319396146962367,0.4762235488124476,0.4412071113997676,0.4762235488124476,0.4342038239172316,0.44470875514103564,0.4412071113997676,0.4587153301061075,0.4447087551410355,0.42369889269342775,0.3851808115394796,0.35716766160933566,0.3361577991617277,0.3151479367141197,0.3046430054903157,0.2836331430427077,0.24861670563002786,0.19609204951100784,0.12255753094437986,0.017508218706340003,0.24161341814749177,1.096014491016883,1.4426772214024146,1.5687363960880627,1.5582314648642588,1.5127100962277746,1.372644346577055,1.0364865474153273,0.8228862791979792,0.6898238170297954,0.6372991609107754,0.6127876547218994,0.5637646423441475,0.5847745047917555,0.5182432737076635,0.4972334112600555,0.5462564236378075,0.4972334112600555,0.5392531361552716,0.46221697384737565,0.4972334112600555,0.5252465611901995
2.298460e-01,0.5145672594955396,0.4857802799433416,0.4533949279471188,0.4246079483949208,0.48937865238736633,0.4533949279471188,0.48937865238736633,0.44619818305906944,0.45699330039114355,0.4533949279471188,0.47138679016724255,0.45699330039114355,0.4354030657269951,0.39582096884272283,0.36343561684650005,0.3454437546263763,0.32385351996222767,0.3130584026301535,0.29146816796600483,0.2554844435257574,0.20150885686538617,0.1259430355408663,0.0179918622201238,0.2518860710817327,1.1370856923118218,1.4753327020501485,1.59767736514699,1.59767736514699,1.5508985233746684,1.4357506051658766,1.0651182434313267,0.8456175243458167,0.7088793714728762,0.654903784812505,0.6297151777043317,0.5793379634879852,0.6009281981521336,0.5325591217156634,0.5109688870515148,0.5613461012678614,0.5109688870515148,0.5541493563798119,0.4749851626112672,0.5109688870515148,0.5397558666037129
2.360246e-01,0.5283994639897558,0.49883865481550377,0.46558274449447024,0.4360219353202181,0.5025337559622852,0.46558274449447024,0.5025337559622852,0.4581925422009072,0.46927784564125175,0.46558274449447024,0.48775335137515935,0.46927784564125175,0.44710723876056263,0.4064611261459659,0.37320521582493255,0.35472971009102494,0.3288640020635543,0.3214737997699913,0.2993031928893022,0.26235218142148725,0.20692566421976447,0.12932854013735287,0.018475505733907598,0.2586570802747056,1.1787372658233013,1.5076012678868556,1.6258445045838639,1.6369298080242085,1.5925885942628306,1.4965159644465114,1.0974450405941083,0.8683487694936548,0.7279349259159575,0.6725084087142347,0.6503378018335456,0.5949112846318231,0.617081891512512,0.5468749697236633,0.5653504754575709,0.5764357788979155,0.5247043628429743,0.5690455766043525,0.48775335137515935,0.5247043628429743,0.5542651720172264
2.422031e-01,0.542231668483972,0.5118970296876659,0.47777056104182153,0.44743592224551537,0.5156888595372042,0.47777056104182153,0.5156888595372042,0.470186901342745,0.48156239089135994,0.47777056104182153,0.49293788043997455,0.48156239089135977,0.45881141179413015,0.4171012834492093,0.38297481480336487,0.36401566555567366,0.3374728566089058,0.3298891969098291,0.3071382178125995,0.26921991931721695,0.2123424715741428,0.1327140447338393,0.018959149247691393,0.26921991931721695,1.2209692115513218,1.539482918912536,1.6608214740977605,1.6759887934959137,1.6304868353014543,1.5318992592134595,1.1299652951624033,0.8910800146414927,0.7469904803590385,0.6901130326159644,0.6635702236691965,0.6104846057756609,0.6332355848728906,0.5611908177316632,0.5801499669793546,0.5915254565279695,0.5384398386344337,0.5839417968288929,0.5005215401390511,0.5384398386344337,0.56877447743074
2.483817e-01,0.5560638729781882,0.5249554045598279,0.4899583775891727,0.4588499091708125,0.528843963112123,0.4899583775891727,0.528843963112123,0.48218126048458276,0.4938469361414678,0.4899583775891727,0.4899583775891727,0.4938469361414678,0.47051558482769756,0.4277414407524524,0.39274441378179725,0.37330162102032205,0.346081711154257,0.3383045940496669,0.3149732427358968,0.2760876572129467,0.21775927892852126,0.13609954933032573,0.01944279276147504,0.27608765721294654,1.2715586466004722,1.570977655127189,1.6876344116960393,1.7109657630098096,1.6681916189345642,1.570977655127189,1.1587904485839164,0.9138112597893303,0.7660460348021193,0.707717656517694,0.680497746651629,0.6260579269194985,0.6493892782332686,0.5755066657396631,0.5949494585011383,0.6066151341580234,0.5521753144258931,0.5988380170534333,0.513289728902943,0.5521753144258931,0.5832837828442533
2.545602e-01,0.5698960774724042,0.5380137794319901,0.5021461941365242,0.47026389609610975,0.5419990666870419,0.5021461941365242,0.5419990666870419,0.4901903323713688,0.5061314813915759,0.4981609068814724,0.5021461941365241,0.5061314813915759,0.4822197578612652,0.4383815980556956,0.4025140127602297,0.3825875764849707,0.3546905656996082,0.3467199911895047,0.32280826765919407,0.2829553951086764,0.2231760862828996,0.13948505392681215,0.01992643627525884,0.286940682363728,1.2992036451468798,1.602085476530815,1.7136735196722648,1.7415705304576272,1.7057029451621613,1.6100560510409185,1.1916008892604817,0.9405277921922198,0.7851015892452003,0.7253222804194238,0.6974252696340613,0.6416312480633364,0.6655429715936472,0.589822513747663,0.6097489500229221,0.6217048117880776,0.5659107902173525,0.6137342372779739,0.5260579176668349,0.5659107902173525,0.5977930882577669
2.607388e-01,0.5061699787682583,0.5510721543041521,0.5143340106838754,0.481677883021407,0.5551541702619607,0.5143340106838754,0.5551541702619607,0.5020879628104499,0.5184160266416838,0.5102519947260669,0.5102519947260667,0.518416026641684,0.4898419149370243,0.4490217553589387,0.41228361173866207,0.39187353194961927,0.36329942024495954,0.3551353883293425,0.33064329258249137,0.28982313300440593,0.22859289363727806,0.14287055852329875,0.020410079789042634,0.2939051489622144,1.3307372022455823,1.6328063831234139,1.747102829942053,1.7715949256889043,1.747102829942053,1.6450524309968395,1.2246047873425605,0.963355766042814,0.8041571436882813,0.7429269043211533,0.6612865851649827,0.6572045692071741,0.6449585213337485,0.6041383617556633,0.6245484415447058,0.6367944894181314,0.5796462660088119,0.6286304575025145,0.5388261064307266,0.5755642500510034,0.6123023936712803
2.669173e-01,0.5181643379100962,0.5641305291763143,0.5265218272312269,0.49309186994670434,0.5683092738368797,0.5265218272312269,0.5683092738368797,0.5139855932495309,0.530700571891792,0.5223430825706615,0.5223430825706614,0.5307005718917922,0.501449359267835,0.4596619126621821,0.4220532107170944,0.401159487414268,0.3719082747903109,0.3635507854691804,0.33847831750578866,0.2966908709001357,0.23400970099165636,0.14625606311978517,0.020893723302826583,0.30086961556070096,1.35809201468372,1.6673191195655515,1.7717877360796837,1.805217693364206,1.7843239700613793,1.6840340982078124,1.2536233981695875,0.9820049952328437,0.8232126981313627,0.7605315282228832,0.7020291029749689,0.672777890351012,0.660241656369316,0.6184542097636632,0.5933817418002715,0.6518841670481856,0.5933817418002715,0.6435266777270549,0.5515942951946184,0.589202997139706,0.6268116990847937
2.730959e-01,0.5301586970519339,0.5771889040484767,0.538709643778578,0.5045058568720016,0.5814643774117987,0.538709643778578,0.5814643774117987,0.525883223688612,0.5429851171419,0.534434170415256,0.5087813302353236,0.5429851171419,0.5130568035986458,0.47030206996542534,0.4318228096955269,0.41044544287891666,0.38051712933566223,0.3719661826090182,0.34631334242908585,0.3035586087958654,0.23942650834603468,0.1453660943529496,0.02137736681661023,0.3078340821591875,1.3895288430796655,1.6973629252388531,1.8042497593219045,1.8341780728651584,1.8213516527751925,1.7230157654187852,1.2869174823599365,1.0047362403806814,0.8422682525744434,0.7781361521246127,0.7182795250381039,0.6883512114948497,0.6755247914048838,0.632770057771663,0.6071172175917308,0.6669738446782395,0.6071172175917308,0.6584228979515955,0.5643624839585104,0.6028417442284087,0.6413210044983073
2.792744e-01,0.5421530561937717,0.5858750768545599,0.5508974603259292,0.51154764173122,0.5946194809867172,0.5508974603259292,0.5946194809867172,0.5377808541276929,0.555269662392008,0.5465252582598507,0.5202920458633776,0.555269662392008,0.5246642479294564,0.4809422272686684,0.4415924086739592,0.4197313983435652,0.3891259838810136,0.380381579748856,0.35414836735238314,0.3104263466915951,0.24484331570041298,0.1486548702466793,0.021861010330394025,0.3191707508237526,1.4165934694095326,1.7270198161011274,1.8319526656870189,1.8625580801495705,1.8625580801495705,1.7576252305636793,1.31603282188972,1.0274674855285189,0.8613238070175243,0.7957407760263425,0.734529947101239,0.7039245326386877,0.6908079264404511,0.6470859057796631,0.6208526933831903,0.6820635223082934,0.6208526933831903,0.6733191181761358,0.5771306727224023,0.6121082892510327,0.6558303099118208
2.854530e-01,0.5541474153356095,0.5988367230239652,0.5630852768732807,0.5228648999537606,0.6077745845616361,0.5630852768732807,0.6077745845616361,0.5496784845667739,0.5675542076421163,0.558616346104445,0.5586163461044451,0.5675542076421161,0.5362716922602672,0.49158238457191167,0.45136200765239154,0.42901735380821376,0.3977348384263649,0.3887969768886938,0.36198339227568044,0.3128251538184892,0.2502601230547913,0.15194364614040903,0.022344653844177824,0.32623194612499573,1.4479335691027218,1.760758722921211,1.859075199835593,1.8948266459862775,1.8992955767551132,1.7965101690718954,1.3496170921883393,1.0501987306763565,0.8803793614606055,0.8133453999280719,0.7507803691643741,0.7194978537825253,0.7060910614760186,0.6614017537876627,0.630119238405814,0.6971531999383473,0.6345881691746496,0.6882153384006763,0.5898988614862941,0.6256503076369786,0.670339615325334
2.916315e-01,0.5661417744774472,0.6117983691933706,0.5752730934206318,0.534182158176301,0.6209296881365551,0.5752730934206318,0.6209296881365551,0.561576115005855,0.5798387528922243,0.5707074339490396,0.5707074339490394,0.5798387528922241,0.5478791365910778,0.5022225418751547,0.46113160663082403,0.43830330927286226,0.4063436929717163,0.39721237402853143,0.36981841719897773,0.3195961630114622,0.2556769304091698,0.15523242203413878,0.02282829735796162,0.33785880089783127,1.4747080093243183,1.789738512864188,1.8856173617676266,1.9267082970119576,1.9358396159551423,1.8308294481085188,1.383394819892472,1.0729299758241944,0.8994349159036863,0.8309500238298017,0.7670307912275091,0.7350711749263629,0.721374196511586,0.6757176017956629,0.6437579854945166,0.7122428775684014,0.6483236449661088,0.7031115586252169,0.6026670502501859,0.6391923260229243,0.6848489207388474
2.978100e-01,0.5781361336192851,0.6247600153627759,0.5874609099679832,0.5454994163988416,0.6340847917114737,0.5874609099679832,0.6340847917114737,0.5734737454449358,0.5921232981423321,0.582798521793634,0.5827985217936342,0.5967856863166813,0.559486580921889,0.512862699178398,0.4709012056092564,0.447589264737511,0.4149525475170676,0.4056277711683694,0.37765344212227486,0.32636717220443506,0.2610937377635481,0.1585211979278685,0.023311940871745266,0.3450167249018314,1.5059513803147506,1.8229937761704873,1.916241539657469,1.9535406450522617,1.976852585924007,1.8696176579139783,1.4173660050021182,1.100323609146381,0.9184904703467672,0.8485546477315311,0.7832812132906442,0.7506444960702008,0.7366573315471534,0.6900334498036629,0.6573967325832193,0.7273325551984554,0.6620591207575683,0.7180077788497572,0.6107728508397285,0.6527343444088701,0.6993582261523609
3.039886e-01,0.5901304927611231,0.6377216615321813,0.5996487265153349,0.5568166746213821,0.6472398952863928,0.5948896096382288,0.6472398952863928,0.5853713758840172,0.6044078433924406,0.5948896096382288,0.5948896096382288,0.5996487265153349,0.5710940252526996,0.5235028564816413,0.48067080458768874,0.45687522020215965,0.4235614020624188,0.41404316830820703,0.3854884670455723,0.3331381813974079,0.26651054511792655,0.16180997382159823,0.01903646750842325,0.3569337657829372,1.5324356344280774,1.851296465194168,1.9417196858591788,1.9797926208760253,2.013106439015766,1.908405867719438,1.4562897643943842,1.123151582996976,0.9375460247898485,0.8566410378790494,0.7995316353537796,0.7662178172140386,0.7519404665827213,0.7043492978116628,0.6710354796719221,0.7424222328285096,0.675794596549028,0.7329039990742978,0.6234443109008637,0.6662763627948162,0.7138675315658746
3.101671e-01,0.6021248519029605,0.6506833077015863,0.6118365430626859,0.5681339328439224,0.6603949988613116,0.6069806974828234,0.6603949988613116,0.5924131607432356,0.6166923886425484,0.6069806974828234,0.6069806974828234,0.6021248519029605,0.5827014695835104,0.5341430137848844,0.49044040356612123,0.46616117566680837,0.4321702566077703,0.42245856544804483,0.3933234919688696,0.33990919059038094,0.2719273524723047,0.1650987497153278,0.014567536739587687,0.3690442640695565,1.5635822767157528,1.8840680849866835,1.9666174598443473,2.0103200700631105,2.044310989122149,1.9423382319450342,1.4858887474379512,1.1459795568475704,0.9566015792329294,0.854628822055815,0.8157820574169143,0.7769352927780138,0.7672236016182885,0.7138093002398,0.6846742267606244,0.7575119104585633,0.689530072340487,0.7478002192988382,0.6361157709619987,0.6798183811807619,0.7283768369793877
3.163457e-01,0.7131706966971855,0.6636449538709921,0.6240243596100371,0.579451191066463,0.6735501024362306,0.6190717853274178,0.6735501024362306,0.6042140624795597,0.6289769338926565,0.6190717853274178,0.6190717853274178,0.6091666367621791,0.594308913914321,0.5447831710881278,0.5002100025445537,0.47049455684883756,0.44077911115312135,0.43087396258788263,0.4011585168921669,0.34668019978335396,0.27734415982668303,0.1683875256090577,0.014857722847858084,0.37144307119645076,1.589776344720809,1.9116936730910663,1.9958874358955951,2.0404606044391693,2.0751286244175047,1.981029713047737,1.5204403047641384,1.168807530698165,0.9756571336760106,0.8667004994583848,0.8320324794800495,0.7924118852190949,0.7825067366538561,0.7280284195450433,0.6983129738493274,0.7726015880886173,0.7032655481319467,0.7577438652407593,0.6438346567405145,0.693360399566708,0.7428861423929014
3.225242e-01,0.7270996298941583,0.6766066000403973,0.6362121761573883,0.5857191463036274,0.6867052060111497,0.6311628731720124,0.6867052060111497,0.6160149642158841,0.6412614791427645,0.6311628731720124,0.6311628731720124,0.6210642672012602,0.6059163582451317,0.5554233283913708,0.5099796015229859,0.4796837836107292,0.4493879656984727,0.4392893597277206,0.4089935418154641,0.3534512089763268,0.28276096718106164,0.17167630150278743,0.015147908956128333,0.3837470268885833,1.6208262583057278,1.943981649369798,2.0247704971358154,2.0702142240042005,2.1055593449018333,2.01972119415044,1.5551853194958385,1.1916355045487594,0.9947126881190913,0.8785787194554412,0.8482829015431846,0.8078884776601758,0.7977898716894237,0.7422475388502866,0.7119517209380299,0.7876912657186713,0.717001023923406,0.7725433567625432,0.6564093880988928,0.7069024179526537,0.757395447806415
3.287028e-01,0.7410285630911312,0.6895682462098025,0.6483999927047397,0.596939675823411,0.6998603095860683,0.6432539610166069,0.6998603095860683,0.6278158659522082,0.6535460243928726,0.6432539610166069,0.6432539610166069,0.632961897640341,0.6175238025759425,0.5660634856946138,0.5197492005014184,0.4888730103726212,0.45799682024382404,0.4477047568675584,0.41682856673876123,0.36022221816929983,0.28817777453543997,0.174965077396517,0.01543809506439858,0.3962444399862299,1.6467301402025136,1.9657841048667504,2.048120611876876,2.0944348970700717,2.1356031505751347,2.0532666435650087,1.5952698233211848,1.2144634783993538,1.0137682425621724,0.8954095137351165,0.8645333236063195,0.8233650701012568,0.8130730067249909,0.7564666581555297,0.7255904680267325,0.8027809433487253,0.7307364997148654,0.7873428482843269,0.6689841194572711,0.7204444363385998,0.7719047532199281
3.348813e-01,0.7549574962881043,0.7025298923792082,0.6605878092520909,0.6081602053431949,0.7130154131609874,0.6553450488612014,0.7130154131609874,0.6396167676885325,0.6658305696429806,0.6553450488612014,0.6553450488612014,0.6448595280794222,0.6291312469067533,0.5767036429978573,0.5295187994798507,0.4980622371345131,0.4666056747891754,0.4561201540073962,0.4246635916620585,0.36699322736227286,0.29359458188981813,0.17825385329024673,0.015728281172668827,0.4089353104893896,1.6776833250846757,1.9817634277562735,2.0708903544013966,2.123317958310293,2.16001728104652,2.0918613959649552,1.6304984815666694,1.2372914522499485,1.027581036614364,0.9174830684056822,0.8807837456694548,0.838841662542338,0.8283561417605588,0.770685777460773,0.7392292151154354,0.8178706209787796,0.7392292151154354,0.8021423398061107,0.6815588508156497,0.7339864547245458,0.7864140586334419
3.410599e-01,0.7688864294850769,0.7154915385486134,0.6727756257994423,0.6193807348629787,0.7261705167359062,0.6674361367057958,0.7261705167359062,0.6514176694248569,0.6781151148930886,0.6674361367057958,0.6674361367057958,0.6567571585185034,0.6407386912375641,0.5873438003011006,0.539288398458283,0.507251463896405,0.47521452933452674,0.464535551147234,0.4324986165853557,0.3737642365552457,0.2990113892441966,0.18154262918397632,0.016018467280939076,0.41648014930441674,1.703297020873191,2.002308410117388,2.098419213803022,2.1518141047394863,2.189190528395011,2.1304561483649005,1.6659205972176667,1.2601194261005428,1.0518793514483344,0.9344105913881144,0.8970341677325898,0.8596577440770652,0.8970341677325897,0.7849048967660159,0.7528679622041377,0.8329602986088332,0.7528679622041377,0.8169418313278944,0.6941335821740277,0.7475284731104915,0.8009233640469551
3.472384e-01,0.7828153626820498,0.7284531847180185,0.6849634423467936,0.6306012643827623,0.7393256203108249,0.6795272245503903,0.7393256203108249,0.663218571161181,0.6903996601431968,0.6795272245503903,0.6795272245503903,0.6686547889575843,0.652346135568375,0.5979839576043436,0.5490579974367156,0.5164406906582969,0.48382338387987783,0.4729509482870716,0.440333641508653,0.3805352457482187,0.30442819659857495,0.18483140507770635,0.016308653389209324,0.4294612059158468,1.7341534770525964,2.0222730202619617,2.1201249405972185,2.1799233363576525,2.2179768609324744,2.169050900764846,1.7069723880705807,1.282947399951137,1.0709349058914153,0.9513381143705464,0.9187208075921279,0.8752310652209027,0.9132845897957249,0.799124016071259,0.7665067092928404,0.8480499762388873,0.7665067092928404,0.8317413228496777,0.7067083135324062,0.7610704914964374,0.8154326694604686
3.534170e-01,0.6860853658958252,0.7414148308874241,0.6971512588941451,0.641821793902546,0.7524807238857438,0.6916183123949853,0.7524807238857438,0.6750194728975056,0.702684205393305,0.6916183123949853,0.6916183123949853,0.6805524193966652,0.6639535798991859,0.6086241149075869,0.558827596415148,0.5256299174201889,0.4924322384252293,0.4813663454269096,0.4481686664319504,0.38730625494119186,0.3098450039529534,0.18812018097143593,0.016598839497479572,0.44263571993279044,1.759476986732842,2.0416572581899963,2.146783241674034,2.2021127066656327,2.246376278658912,2.2021127066656327,1.7428781472353627,1.3057753738017321,1.0899904603344968,0.9682656373529792,0.9350679583580197,0.8908043863647407,0.9295350118588602,0.8133431353765026,0.7801454563815434,0.8631396538689414,0.7801454563815434,0.8465408143714619,0.7192830448907845,0.7746125098823833,0.8299419748739822
3.595955e-01,0.698079725037663,0.7543764770568295,0.7093390754414961,0.6530423234223299,0.7656358274606626,0.7037094002395797,0.7656358274606626,0.6868203746338297,0.7149687506434128,0.7037094002395797,0.7037094002395795,0.6924500498357464,0.6755610242299963,0.61926427221083,0.5685971953935806,0.5348191441820804,0.5010410929705806,0.4897817425667474,0.4560036913552476,0.39407726413416455,0.3152618113073317,0.19140895686516549,0.016889025605750122,0.4560036913552476,1.7902367142094904,2.060461123901489,2.173054627939822,2.234981055160905,2.2743887815743213,2.2406107303628215,1.7846070390075741,1.3286033476523262,1.1090460147775776,0.9851931603354115,0.9514151091239118,0.9063777075085786,0.945785433921995,0.8275622546817458,0.7937842034702457,0.8725996562970788,0.7937842034702457,0.8613403058932454,0.7318577762491629,0.7881545282683293,0.8444512802874955
3.657740e-01,0.7100740841795007,0.7673381232262347,0.7215268919888475,0.6642628529421135,0.7787909310355814,0.7158004880841742,0.7787909310355814,0.6986212763701538,0.7272532958935208,0.7158004880841742,0.7158004880841741,0.7043476802748274,0.6871684685608072,0.6299044295140731,0.5783667943720125,0.5440083709439723,0.5096499475159318,0.4981971397065852,0.4695651201832183,0.40084827332713757,0.32067861866171005,0.20042413666356879,0.01717921171402007,1.1739128004580457,1.8209964416861388,2.0729582134917686,2.1932126954899096,2.2562031384413164,2.2962879657740305,2.2791087540600103,1.826722845590812,1.3514313215029206,1.1281015692206586,0.9963942794131704,0.9677622598898035,0.9219510286524162,0.9104982208430695,0.8417813739869888,0.8074229505589482,0.8875926052243758,0.8074229505589482,0.8761397974150291,0.7444325076075409,0.801696546654275,0.8589605857010089
3.719526e-01,0.7220684433213389,0.7802997693956402,0.7337147085361989,0.6754833824618974,0.7919460346105004,0.7278915759287689,0.7919460346105004,0.7104221781064783,0.739537841143629,0.7278915759287689,0.727891575928769,0.7162453107139084,0.6987759128916181,0.6405445868173166,0.5881363933504451,0.5531975977058644,0.5182588020612834,0.5066125368464229,0.47749687380927247,0.4076192825201106,0.3260954260160885,0.2038096412600552,0.017469397822290317,1.2286809801677618,1.8459330365553575,2.090504606067424,2.218613523430887,2.282667982112619,2.3292530429720606,2.3117836451497698,1.8692255669850784,1.3800824279609456,1.1471571236637397,1.013225073692846,0.9841094106556955,0.9375243497962541,0.9258780845813941,0.8560004932922322,0.8210616976476514,0.9025855541516735,0.8210616976476514,0.890939288936813,0.7570072389659196,0.815238565040221,0.8734698911145226
