L_int_m,v_0_m_per_s,width
6.609156472278382e-07,29964256.17710006,1.7802362287975684
6.609156472278382e-07,29965005.658245057,1.7802362287975684
6.609156472278382e-07,29965755.13939006,1.7802362287975684
6.609156472278382e-07,29966504.62053506,1.7802362287975684
6.609156472278382e-07,29967254.10168006,1.7802362287975684
6.609156472278382e-07,29968003.582825057,1.7802362287975684
6.609156472278382e-07,29968753.06397006,1.7802362287975684
6.609156472278382e-07,29969502.54511506,1.7802362287975684
6.609156472278382e-07,29970252.02626006,1.7802362287975684
6.609156472278382e-07,29971001.507405058,1.7802362287975684
6.609156472278382e-07,29971750.988550056,1.7802362287975684
6.609156472278382e-07,29972500.469695058,1.7802362287975684
6.609156472278382e-07,29973249.950840056,1.7802362287975684
6.609156472278382e-07,29973999.431985054,1.7802362287975684
6.609156472278382e-07,29974748.913130056,1.7802362287975684
6.609156472278382e-07,29975498.394275058,1.7802362287975684
6.609156472278382e-07,29976247.875420056,1.7802362287975684
6.609156472278382e-07,29976997.356565055,1.7802362287975684
6.609156472278382e-07,29977746.837710056,1.7802362287975684
6.609156472278382e-07,29978496.31885506,1.7802362287975684
6.609156472278382e-07,29979245.800000057,1.7802362287975684
6.609156472278382e-07,29979995.281145055,1.7802362287975684
6.609156472278382e-07,29980744.762290053,1.7802362287975684
6.609156472278382e-07,29981494.24343506,1.7802362287975684
6.609156472278382e-07,29982243.724580057,1.7802362287975684
6.609156472278382e-07,29982993.205725055,1.7802362287975684
6.609156472278382e-07,29983742.68687006,1.7812053285410618
6.609156472278382e-07,29984492.16801506,1.7812053285410618
6.609156472278382e-07,29985241.649160057,1.7812053285410618
6.609156472278382e-07,29985991.130305056,1.7812053285410618
6.609156472278382e-07,29986740.611450054,1.7812053285410618
6.609156472278382e-07,29987490.092595056,1.7812053285410618
6.609156472278382e-07,29988239.573740054,1.7812053285410618
6.609156472278382e-07,29988989.054885052,1.7812053285410618
6.609156472278382e-07,29989738.536030058,1.7812053285410618
6.609156472278382e-07,29990488.017175056,1.7812053285410618
6.609156472278382e-07,29991237.498320054,1.7812053285410618
6.609156472278382e-07,29991986.979465052,1.7812053285410618
6.609156472278382e-07,29992736.46061005,1.7812053285410618
6.609156472278382e-07,29993485.941755056,1.7812053285410618
6.609156472278382e-07,29994235.422900055,1.7812053285410618
0.00021544197810509456,29964256.17710006,0.5921199432745314
0.00021544197810509456,29965005.658245057,0.6018109407094666
0.00021544197810509456,29965755.13939006,0.6134401376313886
0.00021544197810509456,29966504.62053506,0.6250693345533105
0.00021544197810509456,29967254.10168006,0.6396058307057132
0.00021544197810509456,29968003.582825057,0.6541423268581158
0.00021544197810509456,29968753.06397006,0.6696479227540119
0.00021544197810509456,29969502.54511506,0.6880608178803885
0.00021544197810509456,29970252.02626006,0.7084119124937519
0.00021544197810509456,29971001.507405058,0.7307012065941026
0.00021544197810509456,29971750.988550056,0.7558977999249339
0.00021544197810509456,29972500.469695058,0.7840016924862455
0.00021544197810509456,29973249.950840056,0.8150128842780376
0.00021544197810509456,29973999.431985054,0.8499004750438037
0.00021544197810509456,29974748.913130056,0.8896335645270376
0.00021544197810509456,29975498.394275058,0.9313048534972582
0.00021544197810509456,29976247.875420056,0.9797598406719334
0.00021544197810509456,29976997.356565055,1.0301530273335957
0.00021544197810509456,29977746.837710056,1.0834535132257386
0.00021544197810509456,29978496.31885506,1.1377230988613747
0.00021544197810509456,29979245.800000057,1.1910235847535176
0.00021544197810509456,29979995.281145055,1.2433549709021667
0.00021544197810509456,29980744.762290053,1.291809958076842
0.00021544197810509456,29981494.24343506,1.3373576460210368
0.00021544197810509456,29982243.724580057,1.3819362342217378
0.00021544197810509456,29982993.205725055,1.4197311242179844
0.00021544197810509456,29983742.68687006,1.4536496152402572
0.00021544197810509456,29984492.16801506,1.4827226075450626
0.00021544197810509456,29985241.649160057,1.5021046024149325
0.00021544197810509456,29985991.130305056,1.5156719988238416
0.00021544197810509456,29986740.611450054,1.531177594719738
0.00021544197810509456,29987490.092595056,1.548621390102621
0.00021544197810509456,29988239.573740054,1.568003384972491
0.00021544197810509456,29988989.054885052,1.5902926790728413
0.00021544197810509456,29989738.536030058,1.6135510729166855
0.00021544197810509456,29990488.017175056,1.6397167659910101
0.00021544197810509456,29991237.498320054,1.6668515588088284
0.00021544197810509456,29991986.979465052,1.69495545137014
0.00021544197810509456,29992736.46061005,1.7230593439314517
0.00021544197810509456,29993485.941755056,1.7511632364927634
0.00021544197810509456,29994235.422900055,1.779267129054075
0.0004302230405629613,29964256.17710006,0.38763989739740196
0.0004302230405629613,29965005.658245057,0.38570169791041486
0.0004302230405629613,29965755.13939006,0.3847325981669214
0.0004302230405629613,29966504.62053506,0.38376349842342794
0.0004302230405629613,29967254.10168006,0.3827943986799343
0.0004302230405629613,29968003.582825057,0.3827943986799345
0.0004302230405629613,29968753.06397006,0.38376349842342794
0.0004302230405629613,29969502.54511506,0.3847325981669214
0.0004302230405629613,29970252.02626006,0.38763989739740196
0.0004302230405629613,29971001.507405058,0.391516296371376
0.0004302230405629613,29971750.988550056,0.3963617950888435
0.0004302230405629613,29972500.469695058,0.4021763935498046
0.0004302230405629613,29973249.950840056,0.40992919149775253
0.0004302230405629613,29973999.431985054,0.4196201889326877
0.0004302230405629613,29974748.913130056,0.43124938585460965
0.0004302230405629613,29975498.394275058,0.4457858820070122
0.0004302230405629613,29976247.875420056,0.46226057764640177
0.0004302230405629613,29976997.356565055,0.4826116722597654
0.0004302230405629613,29977746.837710056,0.5068391658471031
0.0004302230405629613,29978496.31885506,0.5359121581519082
0.0004302230405629613,29979245.800000057,0.5707997489176743
0.0004302230405629613,29979995.281145055,0.6144092373748818
0.0004302230405629613,29980744.762290053,0.6686788230105185
0.0004302230405629613,29981494.24343506,0.7394231042855441
0.0004302230405629613,29982243.724580057,0.8285802806869467
0.0004302230405629613,29982993.205725055,0.9342121527277387
0.0004302230405629613,29983742.68687006,1.0388749250250373
0.0004302230405629613,29984492.16801506,1.1367539991178812
0.0004302230405629613,29985241.649160057,1.2239729760322966
0.0004302230405629613,29985991.130305056,1.303439154998764
0.0004302230405629613,29986740.611450054,1.3722452367868028
0.0004302230405629613,29987490.092595056,1.4042255283220886
0.0004302230405629613,29988239.573740054,1.4255457226789456
0.0004302230405629613,29988989.054885052,1.4536496152402572
0.0004302230405629613,29989738.536030058,1.4885372060060234
0.0004302230405629613,29990488.017175056,1.5292393952327505
0.0004302230405629613,29991237.498320054,1.5747870831769453
0.0004302230405629613,29991986.979465052,1.6222729706081271
0.0004302230405629613,29992736.46061005,1.667820658552322
0.0004302230405629613,29993485.941755056,1.712399246753023
0.0004302230405629613,29994235.422900055,1.7531014359797503
0.000645004103020828,29964256.17710006,0.34499950868368773
0.000645004103020828,29965005.658245057,0.34015400996622025
0.000645004103020828,29965755.13939006,0.3353085112487527
0.000645004103020828,29966504.62053506,0.3294939127877916
0.000645004103020828,29967254.10168006,0.32464841407032424
0.000645004103020828,29968003.582825057,0.3198029153528566
0.000645004103020828,29968753.06397006,0.31495741663538906
0.000645004103020828,29969502.54511506,0.3101119179179216
0.000645004103020828,29970252.02626006,0.30526641920045394
0.000645004103020828,29971001.507405058,0.30139002022648004
0.000645004103020828,29971750.988550056,0.2984827209959995
0.000645004103020828,29972500.469695058,0.2965445215090125
0.000645004103020828,29973249.950840056,0.2965445215090125
0.000645004103020828,29973999.431985054,0.29751362125250586
0.000645004103020828,29974748.913130056,0.29945182073949295
0.000645004103020828,29975498.394275058,0.30332821971346696
0.000645004103020828,29976247.875420056,0.31108101766141505
0.000645004103020828,29976997.356565055,0.3198029153528566
0.000645004103020828,29977746.837710056,0.33240121201827216
0.000645004103020828,29978496.31885506,0.34693770817067465
0.000645004103020828,29979245.800000057,0.36825790252753177
0.000645004103020828,29979995.281145055,0.39345449585836295
0.000645004103020828,29980744.762290053,0.42640388713714217
0.000645004103020828,29981494.24343506,0.46807517610736277
0.000645004103020828,29982243.724580057,0.5242829612299862
0.000645004103020828,29982993.205725055,0.6047182399399471
0.000645004103020828,29983742.68687006,0.7258557078766352
0.000645004103020828,29984492.16801506,0.882849866322583
0.000645004103020828,29985241.649160057,1.0253075286161282
0.000645004103020828,29985991.130305056,1.143537697322336
0.000645004103020828,29986740.611450054,1.2472313698761406
0.000645004103020828,29987490.092595056,1.3402649452515174
0.000645004103020828,29988239.573740054,1.3654615385823483
0.000645004103020828,29988989.054885052,1.3974418301176341
0.000645004103020828,29989738.536030058,1.4381440193443613
0.000645004103020828,29990488.017175056,1.4875681062625299
0.000645004103020828,29991237.498320054,1.5389303926676856
0.000645004103020828,29991986.979465052,1.5893235793293479
0.000645004103020828,29992736.46061005,1.6387476662475167
0.000645004103020828,29993485.941755056,1.6862335536786985
0.000645004103020828,29994235.422900055,1.7308121418793998
0.0008597851654786946,29964256.17710006,0.33046301253128524
0.0008597851654786946,29965005.658245057,0.3246484140703241
0.0008597851654786946,29965755.13939006,0.31689561612237604
0.0008597851654786946,29966504.62053506,0.31108101766141505
0.0008597851654786946,29967254.10168006,0.3042973194569606
0.0008597851654786946,29968003.582825057,0.297513621252506
0.0008597851654786946,29968753.06397006,0.28976082330455794
0.0008597851654786946,29969502.54511506,0.28200802535660985
0.0008597851654786946,29970252.02626006,0.2742552274086618
0.0008597851654786946,29971001.507405058,0.26747152920420736
0.0008597851654786946,29971750.988550056,0.25971873125625944
0.0008597851654786946,29972500.469695058,0.2529350330518048
0.0008597851654786946,29973249.950840056,0.2480895343343373
0.0008597851654786946,29973999.431985054,0.2422749358733762
0.0008597851654786946,29974748.913130056,0.2393676366428958
0.0008597851654786946,29975498.394275058,0.23839853689940216
0.0008597851654786946,29976247.875420056,0.2393676366428958
0.0008597851654786946,29976997.356565055,0.2422749358733762
0.0008597851654786946,29977746.837710056,0.2490586340778308
0.0008597851654786946,29978496.31885506,0.2587496315127658
0.0008597851654786946,29979245.800000057,0.27328612766516847
0.0008597851654786946,29979995.281145055,0.29072992304805156
0.0008597851654786946,29980744.762290053,0.31689561612237616
0.0008597851654786946,29981494.24343506,0.34984500740115526
0.0008597851654786946,29982243.724580057,0.39345449585836295
0.0008597851654786946,29982993.205725055,0.45644597918544066
0.0008597851654786946,29983742.68687006,0.5504486543043107
0.0008597851654786946,29984492.16801506,0.7161647104417
0.0008597851654786946,29985241.649160057,0.911922858627388
0.0008597851654786946,29985991.130305056,1.0592260196384007
0.0008597851654786946,29986740.611450054,1.180363487575089
0.0008597851654786946,29987490.092595056,1.2898717585898551
0.0008597851654786946,29988239.573740054,1.3383267457645303
0.0008597851654786946,29988989.054885052,1.3732143365302965
0.0008597851654786946,29989738.536030058,1.4197311242179849
0.0008597851654786946,29990488.017175056,1.4701243108796467
0.0008597851654786946,29991237.498320054,1.522455697028296
0.0008597851654786946,29991986.979465052,1.575756182920439
0.0008597851654786946,29992736.46061005,1.627118469325595
0.0008597851654786946,29993485.941755056,1.6755734565002698
0.0008597851654786946,29994235.422900055,1.7220902441879582
0.0010745662279365612,29964256.17710006,0.3217411148398437
0.0010745662279365612,29965005.658245057,0.3159265163788825
0.0010745662279365612,29965755.13939006,0.3081737184309345
0.0010745662279365612,29966504.62053506,0.30139002022648004
0.0010745662279365612,29967254.10168006,0.29363722227853195
0.0010745662279365612,29968003.582825057,0.2858844243305839
0.0010745662279365612,29968753.06397006,0.27813162638263583
0.0010745662279365612,29969502.54511506,0.2684406289477008
0.0010745662279365612,29970252.02626006,0.26068783099975273
0.0010745662279365612,29971001.507405058,0.2509968335648177
0.0010745662279365612,29971750.988550056,0.2413058361298827
0.0010745662279365612,29972500.469695058,0.2325839384384412
0.0010745662279365612,29973249.950840056,0.22289294100350618
0.0010745662279365612,29973999.431985054,0.21514014305555795
0.0010745662279365612,29974748.913130056,0.20738734510761003
0.0010745662279365612,29975498.394275058,0.20157274664664906
0.0010745662279365612,29976247.875420056,0.19866544741616848
0.0010745662279365612,29976997.356565055,0.19769634767267485
0.0010745662279365612,29977746.837710056,0.20060364690315544
0.0010745662279365612,29978496.31885506,0.20641824536411657
0.0010745662279365612,29979245.800000057,0.21707834254254504
0.0010745662279365612,29979995.281145055,0.23258393843844102
0.0010745662279365612,29980744.762290053,0.2539041327952983
0.0010745662279365612,29981494.24343506,0.2829771251001035
0.0010745662279365612,29982243.724580057,0.32464841407032424
0.0010745662279365612,29982993.205725055,0.3808561991929475
0.0010745662279365612,29983742.68687006,0.46419877713338886
0.0010745662279365612,29984492.16801506,0.6115019381444016
0.0010745662279365612,29985241.649160057,0.8489313753003102
0.0010745662279365612,29985991.130305056,1.0146474314376996
0.0010745662279365612,29986740.611450054,1.1474140962963095
0.0010745662279365612,29987490.092595056,1.2646751652590238
0.0010745662279365612,29988239.573740054,1.3237902496121277
0.0010745662279365612,29988989.054885052,1.362554239351868
0.0010745662279365612,29989738.536030058,1.4110092265265433
0.0010745662279365612,29990488.017175056,1.462371512931699
0.0010745662279365612,29991237.498320054,1.516641098567335
0.0010745662279365612,29991986.979465052,1.5709106842029714
0.0010745662279365612,29992736.46061005,1.6232420703516206
0.0010745662279365612,29993485.941755056,1.671697057526296
0.0010745662279365612,29994235.422900055,1.7182138452139841
0.001289347290394428,29964256.17710006,0.31689561612237616
0.001289347290394428,29965005.658245057,0.31108101766141505
0.001289347290394428,29965755.13939006,0.30332821971346696
0.001289347290394428,29966504.62053506,0.29557542176551893
0.001289347290394428,29967254.10168006,0.287822623817571
0.001289347290394428,29968003.582825057,0.2791007261261293
0.001289347290394428,29968753.06397006,0.2713479281781814
0.001289347290394428,29969502.54511506,0.2616569307432462
0.001289347290394428,29970252.02626006,0.2519659333083112
0.001289347290394428,29971001.507405058,0.2422749358733762
0.001289347290394428,29971750.988550056,0.2325839384384412
0.001289347290394428,29972500.469695058,0.22095474151651923
0.001289347290394428,29973249.950840056,0.21029464433809059
0.001289347290394428,29973999.431985054,0.19866544741616848
0.001289347290394428,29974748.913130056,0.18897444998123333
0.001289347290394428,29975498.394275058,0.18025255228979178
0.001289347290394428,29976247.875420056,0.17346885408533733
0.001289347290394428,29976997.356565055,0.16862335536787
0.001289347290394428,29977746.837710056,0.1695924551113633
0.001289347290394428,29978496.31885506,0.17249975434184386
0.001289347290394428,29979245.800000057,0.18025255228979195
0.001289347290394428,29979995.281145055,0.19381994869870098
0.001289347290394428,29980744.762290053,0.213201943568571
0.001289347290394428,29981494.24343506,0.2422749358733762
0.001289347290394428,29982243.724580057,0.28200802535661
0.001289347290394428,29982993.205725055,0.33724671073573964
0.001289347290394428,29983742.68687006,0.416712889702207
0.001289347290394428,29984492.16801506,0.5504486543043107
0.001289347290394428,29985241.649160057,0.8130746847910506
0.001289347290394428,29985991.130305056,0.9913890375938555
0.001289347290394428,29986740.611450054,1.129001201169933
0.001289347290394428,29987490.092595056,1.2501386691066212
0.001289347290394428,29988239.573740054,1.3170065514076732
0.001289347290394428,29988989.054885052,1.3577087406344006
0.001289347290394428,29989738.536030058,1.405194628065582
0.001289347290394428,29990488.017175056,1.4575260142142314
0.001289347290394428,29991237.498320054,1.5137337993368547
0.001289347290394428,29991986.979465052,1.5689724847159845
0.001289347290394428,29992736.46061005,1.6213038708646337
0.001289347290394428,29993485.941755056,1.6707279577828025
0.001289347290394428,29994235.422900055,1.7172447454704907
0.0015041283528522947,29964256.17710006,0.31398831689189544
0.0015041283528522947,29965005.658245057,0.30720461868744103
0.0015041283528522947,29965755.13939006,0.3004209204829866
0.0015041283528522947,29966504.62053506,0.2926681225350385
0.0015041283528522947,29967254.10168006,0.28394622484359694
0.0015041283528522947,29968003.582825057,0.2752243271521554
0.0015041283528522947,29968753.06397006,0.2665024294607139
0.0015041283528522947,29969502.54511506,0.2568114320257789
0.0015041283528522947,29970252.02626006,0.24712043459084385
0.0015041283528522947,29971001.507405058,0.23742943715590883
0.0015041283528522947,29971750.988550056,0.2258002402339866
0.0015041283528522947,29972500.469695058,0.21417104331206463
0.0015041283528522947,29973249.950840056,0.20254184639014236
0.0015041283528522947,29973999.431985054,0.18994354972472696
0.0015041283528522947,29974748.913130056,0.17734525305931137
0.0015041283528522947,29975498.394275058,0.1666851558808829
0.0015041283528522947,29976247.875420056,0.15699415844594788
0.0015041283528522947,29976997.356565055,0.1492413604979998
0.0015041283528522947,29977746.837710056,0.14633406126751924
0.0015041283528522947,29978496.31885506,0.14827226075450634
0.0015041283528522947,29979245.800000057,0.1540868592154673
0.0015041283528522947,29979995.281145055,0.16571605613738943
0.0015041283528522947,29980744.762290053,0.18509805100725946
0.0015041283528522947,29981494.24343506,0.2141710433120645
0.0015041283528522947,29982243.724580057,0.2539041327952983
0.0015041283528522947,29982993.205725055,0.3091428181744281
0.0015041283528522947,29983742.68687006,0.3886089971408954
0.0015041283528522947,29984492.16801506,0.5126537643080641
0.0015041283528522947,29985241.649160057,0.7936926899211804
0.0015041283528522947,29985991.130305056,0.9787907409284398
0.0015041283528522947,29986740.611450054,1.1173720042480113
0.0015041283528522947,29987490.092595056,1.2414167714151798
0.0015041283528522947,29988239.573740054,1.3121610526902057
0.0015041283528522947,29988989.054885052,1.3548014414039198
0.0015041283528522947,29989738.536030058,1.401318229091608
0.0015041283528522947,29990488.017175056,1.4546187149837508
0.0015041283528522947,29991237.498320054,1.5117955998498676
0.0015041283528522947,29991986.979465052,1.568003384972491
0.0015041283528522947,29992736.46061005,1.6213038708646337
0.0015041283528522947,29993485.941755056,1.6707279577828025
0.0015041283528522947,29994235.422900055,1.7162756457269972
0.0017189094153101615,29964256.17710006,0.3120501174049085
0.0017189094153101615,29965005.658245057,0.3042973194569604
0.0017189094153101615,29965755.13939006,0.2965445215090124
0.0017189094153101615,29966504.62053506,0.2887917235610645
0.0017189094153101615,29967254.10168006,0.2810389256131164
0.0017189094153101615,29968003.582825057,0.272317027921675
0.0017189094153101615,29968753.06397006,0.26262603048673966
0.0017189094153101615,29969502.54511506,0.2539041327952983
0.0017189094153101615,29970252.02626006,0.24324403561686966
0.0017189094153101615,29971001.507405058,0.2325839384384412
0.0017189094153101615,29971750.988550056,0.2219238412600127
0.0017189094153101615,29972500.469695058,0.20932554459459699
0.0017189094153101615,29973249.950840056,0.19672724792918156
0.0017189094153101615,29973999.431985054,0.18315985152027234
0.0017189094153101615,29974748.913130056,0.17056155485485694
0.0017189094153101615,29975498.394275058,0.15699415844594772
0.0017189094153101615,29976247.875420056,0.14536496152402578
0.0017189094153101615,29976997.356565055,0.1356739640890906
0.0017189094153101615,29977746.837710056,0.1308284653716231
0.0017189094153101615,29978496.31885506,0.12985936562812964
0.0017189094153101615,29979245.800000057,0.13470486434559714
0.0017189094153101615,29979995.281145055,0.14536496152402578
0.0017189094153101615,29980744.762290053,0.1647469563938958
0.0017189094153101615,29981494.24343506,0.19381994869870098
0.0017189094153101615,29982243.724580057,0.23452213792542811
0.0017189094153101615,29982993.205725055,0.291699022791545
0.0017189094153101615,29983742.68687006,0.3701961020145189
0.0017189094153101615,29984492.16801506,0.4893953704642199
0.0017189094153101615,29985241.649160057,0.7820634929992585
0.0017189094153101615,29985991.130305056,0.9700688432369984
0.0017189094153101615,29986740.611450054,1.1105883060435564
0.0017189094153101615,29987490.092595056,1.2365712726977123
0.0017189094153101615,29988239.573740054,1.309253753459725
0.0017189094153101615,29988989.054885052,1.350925042429946
0.0017189094153101615,29989738.536030058,1.3984109298611276
0.0017189094153101615,29990488.017175056,1.4517114157532702
0.0017189094153101615,29991237.498320054,1.5098574003628806
0.0017189094153101615,29991986.979465052,1.568003384972491
0.0017189094153101615,29992736.46061005,1.6213038708646337
0.0017189094153101615,29993485.941755056,1.6707279577828025
0.0017189094153101615,29994235.422900055,1.712399246753023
0.0019336904777680283,29964256.17710006,0.3101119179179216
0.0019336904777680283,29965005.658245057,0.3023591199699735
0.0019336904777680283,29965755.13939006,0.29557542176551893
0.0019336904777680283,29966504.62053506,0.28782262381757084
0.0019336904777680283,29967254.10168006,0.2791007261261293
0.0019336904777680283,29968003.582825057,0.27037882843468775
0.0019336904777680283,29968753.06397006,0.26068783099975273
0.0019336904777680283,29969502.54511506,0.2509968335648177
0.0019336904777680283,29970252.02626006,0.2413058361298827
0.0019336904777680283,29971001.507405058,0.23064573895145424
0.0019336904777680283,29971750.988550056,0.21901654202953214
0.0019336904777680283,29972500.469695058,0.20544914562062308
0.0019336904777680283,29973249.950840056,0.19285084895520735
0.0019336904777680283,29973999.431985054,0.17928345254629846
0.0019336904777680283,29974748.913130056,0.16571605613738927
0.0019336904777680283,29975498.394275058,0.15117955998498675
0.0019336904777680283,29976247.875420056,0.13664306383258423
0.0019336904777680283,29976997.356565055,0.12501386691066213
0.0019336904777680283,29977746.837710056,0.11823016870620753
0.0019336904777680283,29978496.31885506,0.11532286947572697
0.0019336904777680283,29979245.800000057,0.12016836819319447
0.0019336904777680283,29979995.281145055,0.12985936562812964
0.0019336904777680283,29980744.762290053,0.14924136049799966
0.0019336904777680283,29981494.24343506,0.178314352802805
0.0019336904777680283,29982243.724580057,0.2209547415165191
0.0019336904777680283,29982993.205725055,0.27910072612612946
0.0019336904777680283,29983742.68687006,0.35662870560560983
0.0019336904777680283,29984492.16801506,0.4729206748248303
0.0019336904777680283,29985241.649160057,0.7733415953078169
0.0019336904777680283,29985991.130305056,0.9661924442630243
0.0019336904777680283,29986740.611450054,1.105742807326089
0.0019336904777680283,29987490.092595056,1.2317257739802447
0.0019336904777680283,29988239.573740054,1.3073155539727381
0.0019336904777680283,29988989.054885052,1.3489868429429588
0.0019336904777680283,29989738.536030058,1.3964727303741407
0.0019336904777680283,29990488.017175056,1.4497732162662833
0.0019336904777680283,29991237.498320054,1.5079192008758937
0.0019336904777680283,29991986.979465052,1.568003384972491
0.0019336904777680283,29992736.46061005,1.6222729706081271
0.0019336904777680283,29993485.941755056,1.671697057526296
0.0019336904777680283,29994235.422900055,1.708522847779049
0.0021484715402258947,29964256.17710006,0.3081737184309346
0.0021484715402258947,29965005.658245057,0.30139002022648004
0.0021484715402258947,29965755.13939006,0.29363722227853195
0.0021484715402258947,29966504.62053506,0.2858844243305839
0.0021484715402258947,29967254.10168006,0.27813162638263583
0.0021484715402258947,29968003.582825057,0.2684406289477008
0.0021484715402258947,29968753.06397006,0.25971873125625927
0.0021484715402258947,29969502.54511506,0.25002773382132426
0.0021484715402258947,29970252.02626006,0.2383985368994023
0.0021484715402258947,29971001.507405058,0.22870753946446715
0.0021484715402258947,29971750.988550056,0.21707834254254504
0.0021484715402258947,29972500.469695058,0.203510946133636
0.0021484715402258947,29973249.950840056,0.18994354972472696
0.0021484715402258947,29973999.431985054,0.1763761533158179
0.0021484715402258947,29974748.913130056,0.1618396571634154
0.0021484715402258947,29975498.394275058,0.14633406126751924
0.0021484715402258947,29976247.875420056,0.1308284653716231
0.0021484715402258947,29976997.356565055,0.11823016870620753
0.0021484715402258947,29977746.837710056,0.10853917127127252
0.0021484715402258947,29978496.31885506,0.10466277229729849
0.0021484715402258947,29979245.800000057,0.10757007152777905
0.0021484715402258947,29979995.281145055,0.11726106896271406
0.0021484715402258947,29980744.762290053,0.13664306383258423
0.0021484715402258947,29981494.24343506,0.16765425562437636
0.0021484715402258947,29982243.724580057,0.21126374408158408
0.0021484715402258947,29982993.205725055,0.2694097286911943
0.0021484715402258947,29983742.68687006,0.34693770817067465
0.0021484715402258947,29984492.16801506,0.4612914779029083
0.0021484715402258947,29985241.649160057,0.7684960965903495
0.0021484715402258947,29985991.130305056,0.9623160452890505
0.0021484715402258947,29986740.611450054,1.101866408352115
0.0021484715402258947,29987490.092595056,1.2288184747497644
0.0021484715402258947,29988239.573740054,1.3053773544857512
0.0021484715402258947,29988989.054885052,1.3470486434559716
0.0021484715402258947,29989738.536030058,1.395503630630647
0.0021484715402258947,29990488.017175056,1.4488041165227898
0.0021484715402258947,29991237.498320054,1.5069501011324002
0.0021484715402258947,29991986.979465052,1.568003384972491
0.0021484715402258947,29992736.46061005,1.6232420703516206
0.0021484715402258947,29993485.941755056,1.6726661572697894
0.0021484715402258947,29994235.422900055,1.7075537480355556
0.0023632526026837616,29964256.17710006,0.30720461868744114
0.0023632526026837616,29965005.658245057,0.3004209204829866
0.0023632526026837616,29965755.13939006,0.2926681225350385
0.0023632526026837616,29966504.62053506,0.28394622484359694
0.0023632526026837616,29967254.10168006,0.2761934268956489
0.0023632526026837616,29968003.582825057,0.26747152920420736
0.0023632526026837616,29968753.06397006,0.25778053176927235
0.0023632526026837616,29969502.54511506,0.2480895343343373
0.0023632526026837616,29970252.02626006,0.2383985368994023
0.0023632526026837616,29971001.507405058,0.22676933997748006
0.0023632526026837616,29971750.988550056,0.21417104331206463
0.0023632526026837616,29972500.469695058,0.2015727466466489
0.0023632526026837616,29973249.950840056,0.18800535023774
0.0023632526026837616,29973999.431985054,0.17443795382883082
0.0023632526026837616,29974748.913130056,0.1589323579329348
0.0023632526026837616,29975498.394275058,0.1424576622935452
0.0023632526026837616,29976247.875420056,0.1259829666541556
0.0023632526026837616,29976997.356565055,0.11241557024524655
0.0023632526026837616,29977746.837710056,0.10078637332332445
0.0023632526026837616,29978496.31885506,0.09594087460585694
0.0023632526026837616,29979245.800000057,0.09787907409284403
0.0023632526026837616,29979995.281145055,0.10757007152777905
0.0023632526026837616,29980744.762290053,0.12695206639764908
0.0023632526026837616,29981494.24343506,0.1589323579329348
0.0023632526026837616,29982243.724580057,0.20448004587712948
0.0023632526026837616,29982993.205725055,0.26359513023023345
0.0023632526026837616,29983742.68687006,0.3411231097097139
0.0023632526026837616,29984492.16801506,0.45256958021146676
0.0023632526026837616,29985241.649160057,0.7636505978728817
0.0023632526026837616,29985991.130305056,0.9603778458020634
0.0023632526026837616,29986740.611450054,1.099928208865128
0.0023632526026837616,29987490.092595056,1.2268802752627772
0.0023632526026837616,29988239.573740054,1.3044082547422577
0.0023632526026837616,29988989.054885052,1.3460795437124782
0.0023632526026837616,29989738.536030058,1.39356543114366
0.0023632526026837616,29990488.017175056,1.446865917035803
0.0023632526026837616,29991237.498320054,1.5050119016454129
0.0023632526026837616,29991986.979465052,1.5670342852289976
0.0023632526026837616,29992736.46061005,1.624211170095114
0.0023632526026837616,29993485.941755056,1.6726661572697894
0.0023632526026837616,29994235.422900055,1.7056155485485684
0.0025780336651416284,29964256.17710006,0.3062355189439475
0.0025780336651416284,29965005.658245057,0.2994518207394931
0.0025780336651416284,29965755.13939006,0.291699022791545
0.0025780336651416284,29966504.62053506,0.28394622484359694
0.0025780336651416284,29967254.10168006,0.2752243271521554
0.0025780336651416284,29968003.582825057,0.2665024294607139
0.0025780336651416284,29968753.06397006,0.2568114320257789
0.0025780336651416284,29969502.54511506,0.24615133484735022
0.0025780336651416284,29970252.02626006,0.2364603374124152
0.0025780336651416284,29971001.507405058,0.2248311404904931
0.0025780336651416284,29971750.988550056,0.21320194356857117
0.0025780336651416284,29972500.469695058,0.19963454715966197
0.0025780336651416284,29973249.950840056,0.18606715075075292
0.0025780336651416284,29973999.431985054,0.17249975434184386
0.0025780336651416284,29974748.913130056,0.15699415844594772
0.0025780336651416284,29975498.394275058,0.1405194628065581
0.0025780336651416284,29976247.875420056,0.12307566742367504
0.0025780336651416284,29976997.356565055,0.10757007152777905
0.0025780336651416284,29977746.837710056,0.09497177486236348
0.0025780336651416284,29978496.31885506,0.08818807665790887
0.0025780336651416284,29979245.800000057,0.0891571764014025
0.0025780336651416284,29979995.281145055,0.09884817383633751
0.0025780336651416284,29980744.762290053,0.11919926844970101
0.0025780336651416284,29981494.24343506,0.1521486597284802
0.0025780336651416284,29982243.724580057,0.19866544741616848
0.0025780336651416284,29982993.205725055,0.25778053176927235
0.0025780336651416284,29983742.68687006,0.3353085112487527
0.0025780336651416284,29984492.16801506,0.44578588200701236
0.0025780336651416284,29985241.649160057,0.7568668996684274
0.0025780336651416284,29985991.130305056,0.95940874605857
0.0025780336651416284,29986740.611450054,1.0970209096346477
0.0025780336651416284,29987490.092595056,1.22494207577579
0.0025780336651416284,29988239.573740054,1.303439154998764
0.0025780336651416284,29988989.054885052,1.3451104439689847
0.0025780336651416284,29989738.536030058,1.39356543114366
0.0025780336651416284,29990488.017175056,1.446865917035803
0.0025780336651416284,29991237.498320054,1.5040428019019194
0.0025780336651416284,29991986.979465052,1.5670342852289976
0.0025780336651416284,29992736.46061005,1.624211170095114
0.0025780336651416284,29993485.941755056,1.6736352570132829
0.0025780336651416284,29994235.422900055,1.704646448805075
0.0027928147275994956,29964256.17710006,0.30526641920045394
0.0027928147275994956,29965005.658245057,0.2984827209959995
0.0027928147275994956,29965755.13939006,0.291699022791545
0.0027928147275994956,29966504.62053506,0.2829771251001035
0.0027928147275994956,29967254.10168006,0.27425522740866193
0.0027928147275994956,29968003.582825057,0.2655333297172204
0.0027928147275994956,29968753.06397006,0.25584233228228537
0.0027928147275994956,29969502.54511506,0.24615133484735022
0.0027928147275994956,29970252.02626006,0.23452213792542811
0.0027928147275994956,29971001.507405058,0.22386204074699964
0.0027928147275994956,29971750.988550056,0.21126374408158408
0.0027928147275994956,29972500.469695058,0.19866544741616848
0.0027928147275994956,29973249.950840056,0.18509805100725946
0.0027928147275994956,29973999.431985054,0.17056155485485694
0.0027928147275994956,29974748.913130056,0.1550559589589608
0.0027928147275994956,29975498.394275058,0.1376121635760777
0.0027928147275994956,29976247.875420056,0.12016836819319462
0.0027928147275994956,29976997.356565055,0.10369367255380502
0.0027928147275994956,29977746.837710056,0.09012627614489598
0.0027928147275994956,29978496.31885506,0.08140437845345443
0.0027928147275994956,29979245.800000057,0.0823734781969479
0.0027928147275994956,29979995.281145055,0.09206447563188291
0.0027928147275994956,29980744.762290053,0.11338466998874018
0.0027928147275994956,29981494.24343506,0.14730316101101287
0.0027928147275994956,29982243.724580057,0.19381994869870098
0.0027928147275994956,29982993.205725055,0.2539041327952983
0.0027928147275994956,29983742.68687006,0.3314321122747787
0.0027928147275994956,29984492.16801506,0.44094038328954466
0.0027928147275994956,29985241.649160057,0.7432995032595182
0.0027928147275994956,29985991.130305056,0.9584396463150764
0.0027928147275994956,29986740.611450054,1.096051809891154
0.0027928147275994956,29987490.092595056,1.2239729760322966
0.0027928147275994956,29988239.573740054,1.3024700552552706
0.0027928147275994956,29988989.054885052,1.3441413442254913
0.0027928147275994956,29989738.536030058,1.3925963314001666
0.0027928147275994956,29990488.017175056,1.4458968172923095
0.0027928147275994956,29991237.498320054,1.503073702158426
0.0027928147275994956,29991986.979465052,1.566065185485504
0.0027928147275994956,29992736.46061005,1.6251802698386075
0.0027928147275994956,29993485.941755056,1.6746043567567763
0.0027928147275994956,29994235.422900055,1.7046464488050752
0.0030075957900573616,29964256.17710006,0.30526641920045394
0.0030075957900573616,29965005.658245057,0.29751362125250586
0.0030075957900573616,29965755.13939006,0.2897608233045581
0.0030075957900573616,29966504.62053506,0.28200802535661
0.0030075957900573616,29967254.10168006,0.27328612766516847
0.0030075957900573616,29968003.582825057,0.2645642299737269
0.0030075957900573616,29968753.06397006,0.25584233228228537
0.0030075957900573616,29969502.54511506,0.24421313536036313
0.0030075957900573616,29970252.02626006,0.23452213792542811
0.0030075957900573616,29971001.507405058,0.22289294100350618
0.0030075957900573616,29971750.988550056,0.21029464433809059
0.0030075957900573616,29972500.469695058,0.19769634767267502
0.0030075957900573616,29973249.950840056,0.18412895126376583
0.0030075957900573616,29973999.431985054,0.16862335536786982
0.0030075957900573616,29974748.913130056,0.15311775947197384
0.0030075957900573616,29975498.394275058,0.13664306383258423
0.0030075957900573616,29976247.875420056,0.11823016870620769
0.0030075957900573616,29976997.356565055,0.1007863733233246
0.0030075957900573616,29977746.837710056,0.08624987717092193
0.0030075957900573616,29978496.31885506,0.0775279794794804
0.0030075957900573616,29979245.800000057,0.07655887973598692
0.0030075957900573616,29979995.281145055,0.08624987717092193
0.0030075957900573616,29980744.762290053,0.10853917127127252
0.0030075957900573616,29981494.24343506,0.1434267620370387
0.0030075957900573616,29982243.724580057,0.19091264946822042
0.0030075957900573616,29982993.205725055,0.2509968335648177
0.0030075957900573616,29983742.68687006,0.32755571330080463
0.0030075957900573616,29984492.16801506,0.4360948845720772
0.0030075957900573616,29985241.649160057,0.6948445160848431
0.0030075957900573616,29985991.130305056,0.9584396463150763
0.0030075957900573616,29986740.611450054,1.094113610404167
0.0030075957900573616,29987490.092595056,1.2230038762888031
0.0030075957900573616,29988239.573740054,1.3015009555117771
0.0030075957900573616,29988989.054885052,1.3431722444819978
0.0030075957900573616,29989738.536030058,1.3916272316566731
0.0030075957900573616,29990488.017175056,1.444927717548816
0.0030075957900573616,29991237.498320054,1.503073702158426
0.0030075957900573616,29991986.979465052,1.5650960857420106
0.0030075957900573616,29992736.46061005,1.626149369582101
0.0030075957900573616,29993485.941755056,1.6755734565002698
0.0030075957900573616,29994235.422900055,1.7036773490615817
0.0032223768525152284,29964256.17710006,0.3042973194569604
0.0032223768525152284,29965005.658245057,0.29751362125250586
0.0032223768525152284,29965755.13939006,0.2897608233045581
0.0032223768525152284,29966504.62053506,0.28200802535661
0.0032223768525152284,29967254.10168006,0.27328612766516847
0.0032223768525152284,29968003.582825057,0.2635951302302333
0.0032223768525152284,29968753.06397006,0.2539041327952983
0.0032223768525152284,29969502.54511506,0.24421313536036313
0.0032223768525152284,29970252.02626006,0.23355303818193465
0.0032223768525152284,29971001.507405058,0.22192384126001255
0.0032223768525152284,29971750.988550056,0.21029464433809059
0.0032223768525152284,29972500.469695058,0.19672724792918156
0.0032223768525152284,29973249.950840056,0.18315985152027234
0.0032223768525152284,29973999.431985054,0.16765425562437636
0.0032223768525152284,29974748.913130056,0.15117955998498675
0.0032223768525152284,29975498.394275058,0.13470486434559728
0.0032223768525152284,29976247.875420056,0.11726106896271421
0.0032223768525152284,29976997.356565055,0.09787907409284403
0.0032223768525152284,29977746.837710056,0.0823734781969479
0.0032223768525152284,29978496.31885506,0.07171338101851941
0.0032223768525152284,29979245.800000057,0.0707442812750258
0.0032223768525152284,29979995.281145055,0.08043527870996095
0.0032223768525152284,29980744.762290053,0.10272457281031154
0.0032223768525152284,29981494.24343506,0.1395503630630648
0.0032223768525152284,29982243.724580057,0.18800535023774
0.0032223768525152284,29982993.205725055,0.24808953433433717
0.0032223768525152284,29983742.68687006,0.3246484140703241
0.0032223768525152284,29984492.16801506,0.43221848559810316
0.0032223768525152284,29985241.649160057,0.6783698204454534
0.0032223768525152284,29985991.130305056,0.9574705465715828
0.0032223768525152284,29986740.611450054,1.0931445106606736
0.0032223768525152284,29987490.092595056,1.221065676801816
0.0032223768525152284,29988239.573740054,1.3005318557682837
0.0032223768525152284,29988989.054885052,1.3431722444819978
0.0032223768525152284,29989738.536030058,1.3916272316566731
0.0032223768525152284,29990488.017175056,1.444927717548816
0.0032223768525152284,29991237.498320054,1.5021046024149325
0.0032223768525152284,29991986.979465052,1.5650960857420106
0.0032223768525152284,29992736.46061005,1.626149369582101
0.0032223768525152284,29993485.941755056,1.6755734565002698
0.0032223768525152284,29994235.422900055,1.7036773490615817
0.0034371579149730953,29964256.17710006,0.30332821971346696
0.0034371579149730953,29965005.658245057,0.29751362125250586
0.0034371579149730953,29965755.13939006,0.2897608233045581
0.0034371579149730953,29966504.62053506,0.2810389256131164
0.0034371579149730953,29967254.10168006,0.272317027921675
0.0034371579149730953,29968003.582825057,0.2635951302302333
0.0034371579149730953,29968753.06397006,0.2539041327952983
0.0034371579149730953,29969502.54511506,0.24421313536036313
0.0034371579149730953,29970252.02626006,0.2325839384384412
0.0034371579149730953,29971001.507405058,0.22192384126001255
0.0034371579149730953,29971750.988550056,0.20932554459459699
0.0034371579149730953,29972500.469695058,0.19672724792918156
0.0034371579149730953,29973249.950840056,0.18219075177677888
0.0034371579149730953,29973999.431985054,0.16668515588088273
0.0034371579149730953,29974748.913130056,0.15117955998498675
0.0034371579149730953,29975498.394275058,0.13373576460210368
0.0034371579149730953,29976247.875420056,0.11532286947572697
0.0034371579149730953,29976997.356565055,0.09690997434935042
0.0034371579149730953,29977746.837710056,0.07946617896646749
0.0034371579149730953,29978496.31885506,0.06783698204454539
0.0034371579149730953,29979245.800000057,0.06686788230105191
0.0034371579149730953,29979995.281145055,0.07655887973598677
0.0034371579149730953,29980744.762290053,0.09981727357983099
0.0034371579149730953,29981494.24343506,0.13761216357607756
0.0034371579149730953,29982243.724580057,0.18606715075075306
0.0034371579149730953,29982993.205725055,0.24518223510385675
0.0034371579149730953,29983742.68687006,0.3217411148398435
0.0034371579149730953,29984492.16801506,0.4293111863676227
0.0034371579149730953,29985241.649160057,0.6686788230105184
0.0034371579149730953,29985991.130305056,0.9574705465715828
0.0034371579149730953,29986740.611450054,1.0921754109171802
0.0034371579149730953,29987490.092595056,1.2200965770583225
0.0034371579149730953,29988239.573740054,1.3005318557682837
0.0034371579149730953,29988989.054885052,1.3422031447385043
0.0034371579149730953,29989738.536030058,1.3906581319131794
0.0034371579149730953,29990488.017175056,1.4439586178053225
0.0034371579149730953,29991237.498320054,1.5021046024149325
0.0034371579149730953,29991986.979465052,1.5641269859985167
0.0034371579149730953,29992736.46061005,1.627118469325595
0.0034371579149730953,29993485.941755056,1.6765425562437632
0.0034371579149730953,29994235.422900055,1.7027082493180883
0.003651938977430962,29964256.17710006,0.30332821971346696
0.003651938977430962,29965005.658245057,0.29557542176551893
0.003651938977430962,29965755.13939006,0.2887917235610645
0.003651938977430962,29966504.62053506,0.28006982586962276
0.003651938977430962,29967254.10168006,0.2713479281781814
0.003651938977430962,29968003.582825057,0.2635951302302333
0.003651938977430962,29968753.06397006,0.2539041327952983
0.003651938977430962,29969502.54511506,0.24324403561686966
0.003651938977430962,29970252.02626006,0.2325839384384412
0.003651938977430962,29971001.507405058,0.2209547415165191
0.003651938977430962,29971750.988550056,0.2083564448511035
0.003651938977430962,29972500.469695058,0.19478904844219447
0.003651938977430962,29973249.950840056,0.1812216520332854
0.003651938977430962,29973999.431985054,0.16571605613738927
0.003651938977430962,29974748.913130056,0.1502104602414933
0.003651938977430962,29975498.394275058,0.13276666485861005
0.003651938977430962,29976247.875420056,0.11338466998874003
0.003651938977430962,29976997.356565055,0.09497177486236348
0.003651938977430962,29977746.837710056,0.07655887973598677
0.003651938977430962,29978496.31885506,0.06492968281406482
0.003651938977430962,29979245.800000057,0.06299148332707773
0.003651938977430962,29979995.281145055,0.07268248076201289
0.003651938977430962,29980744.762290053,0.09690997434935057
0.003651938977430962,29981494.24343506,0.13470486434559714
0.003651938977430962,29982243.724580057,0.18412895126376583
0.003651938977430962,29982993.205725055,0.2432440356168698
0.003651938977430962,29983742.68687006,0.3198029153528566
0.003651938977430962,29984492.16801506,0.42737298688063563
0.003651938977430962,29985241.649160057,0.6609260250625703
0.003651938977430962,29985991.130305056,0.9574705465715828
0.003651938977430962,29986740.611450054,1.0921754109171802
0.003651938977430962,29987490.092595056,1.219127477314829
0.003651938977430962,29988239.573740054,1.29956275602479
0.003651938977430962,29988989.054885052,1.3422031447385043
0.003651938977430962,29989738.536030058,1.3906581319131794
0.003651938977430962,29990488.017175056,1.4439586178053225
0.003651938977430962,29991237.498320054,1.5021046024149325
0.003651938977430962,29991986.979465052,1.5631578862550233
0.003651938977430962,29992736.46061005,1.627118469325595
0.003651938977430962,29993485.941755056,1.6765425562437632
0.003651938977430962,29994235.422900055,1.7027082493180883
0.0038667200398888294,29964256.17710006,0.30332821971346696
0.0038667200398888294,29965005.658245057,0.29557542176551893
0.0038667200398888294,29965755.13939006,0.28782262381757084
0.0038667200398888294,29966504.62053506,0.28006982586962276
0.0038667200398888294,29967254.10168006,0.2713479281781814
0.0038667200398888294,29968003.582825057,0.2616569307432462
0.0038667200398888294,29968753.06397006,0.2529350330518048
0.0038667200398888294,29969502.54511506,0.2422749358733762
0.0038667200398888294,29970252.02626006,0.2316148386949477
0.0038667200398888294,29971001.507405058,0.2199856417730256
0.0038667200398888294,29971750.988550056,0.2083564448511035
0.0038667200398888294,29972500.469695058,0.19478904844219447
0.0038667200398888294,29973249.950840056,0.1812216520332854
0.0038667200398888294,29973999.431985054,0.16571605613738927
0.0038667200398888294,29974748.913130056,0.14924136049799966
0.0038667200398888294,29975498.394275058,0.1317975651151166
0.0038667200398888294,29976247.875420056,0.11338466998874003
0.0038667200398888294,29976997.356565055,0.09303357537537653
0.0038667200398888294,29977746.837710056,0.07462068024899983
0.0038667200398888294,29978496.31885506,0.06105328384009078
0.0038667200398888294,29979245.800000057,0.05911508435310384
0.0038667200398888294,29979995.281145055,0.06880608178803885
0.0038667200398888294,29980744.762290053,0.09400267511887
0.0038667200398888294,29981494.24343506,0.1327666648586102
0.0038667200398888294,29982243.724580057,0.18219075177677888
0.0038667200398888294,29982993.205725055,0.2422749358733762
0.0038667200398888294,29983742.68687006,0.31883381560936314
0.0038667200398888294,29984492.16801506,0.42446568765015524
0.0038667200398888294,29985241.649160057,0.6531732271146222
0.0038667200398888294,29985991.130305056,0.9574705465715828
0.0038667200398888294,29986740.611450054,1.0912063111736865
0.0038667200398888294,29987490.092595056,1.219127477314829
0.0038667200398888294,29988239.573740054,1.29956275602479
0.0038667200398888294,29988989.054885052,1.3412340449950106
0.0038667200398888294,29989738.536030058,1.389689032169686
0.0038667200398888294,29990488.017175056,1.4429895180618286
0.0038667200398888294,29991237.498320054,1.501135502671439
0.0038667200398888294,29991986.979465052,1.5631578862550233
0.0038667200398888294,29992736.46061005,1.627118469325595
0.0038667200398888294,29993485.941755056,1.6775116559872567
0.0038667200398888294,29994235.422900055,1.7027082493180883
0.004081501102346696,29964256.17710006,0.30332821971346696
0.004081501102346696,29965005.658245057,0.29557542176551893
0.004081501102346696,29965755.13939006,0.28782262381757084
0.004081501102346696,29966504.62053506,0.28006982586962276
0.004081501102346696,29967254.10168006,0.2713479281781814
0.004081501102346696,29968003.582825057,0.2616569307432462
0.004081501102346696,29968753.06397006,0.2519659333083112
0.004081501102346696,29969502.54511506,0.2422749358733762
0.004081501102346696,29970252.02626006,0.2316148386949477
0.004081501102346696,29971001.507405058,0.2199856417730256
0.004081501102346696,29971750.988550056,0.20738734510761003
0.004081501102346696,29972500.469695058,0.19478904844219447
0.004081501102346696,29973249.950840056,0.18025255228979195
0.004081501102346696,29973999.431985054,0.1647469563938958
0.004081501102346696,29974748.913130056,0.14924136049799966
0.004081501102346696,29975498.394275058,0.1317975651151166
0.004081501102346696,29976247.875420056,0.11144647050175309
0.004081501102346696,29976997.356565055,0.09303357537537653
0.004081501102346696,29977746.837710056,0.07365158050550635
0.004081501102346696,29978496.31885506,0.05911508435310384
0.004081501102346696,29979245.800000057,0.05620778512262343
0.004081501102346696,29979995.281145055,0.0658987825575583
0.004081501102346696,29980744.762290053,0.09206447563188291
0.004081501102346696,29981494.24343506,0.13082846537162326
0.004081501102346696,29982243.724580057,0.18025255228979195
0.004081501102346696,29982993.205725055,0.24033673638638925
0.004081501102346696,29983742.68687006,0.31689561612237616
0.004081501102346696,29984492.16801506,0.4215583884196745
0.004081501102346696,29985241.649160057,0.6454204291666742
0.004081501102346696,29985991.130305056,0.9584396463150763
0.004081501102346696,29986740.611450054,1.0912063111736865
0.004081501102346696,29987490.092595056,1.2181583775713356
0.004081501102346696,29988239.573740054,1.2985936562812965
0.004081501102346696,29988989.054885052,1.3412340449950106
0.004081501102346696,29989738.536030058,1.389689032169686
0.004081501102346696,29990488.017175056,1.4429895180618286
0.004081501102346696,29991237.498320054,1.501135502671439
0.004081501102346696,29991986.979465052,1.5631578862550233
0.004081501102346696,29992736.46061005,1.6280875690690884
0.004081501102346696,29993485.941755056,1.6784807557307502
0.004081501102346696,29994235.422900055,1.7027082493180883
0.004296282164804563,29964256.17710006,0.30332821971346696
0.004296282164804563,29965005.658245057,0.29557542176551893
0.004296282164804563,29965755.13939006,0.28782262381757084
0.004296282164804563,29966504.62053506,0.2791007261261293
0.004296282164804563,29967254.10168006,0.2713479281781814
0.004296282164804563,29968003.582825057,0.2616569307432462
0.004296282164804563,29968753.06397006,0.2519659333083112
0.004296282164804563,29969502.54511506,0.2422749358733762
0.004296282164804563,29970252.02626006,0.2316148386949477
0.004296282164804563,29971001.507405058,0.2199856417730256
0.004296282164804563,29971750.988550056,0.20641824536411657
0.004296282164804563,29972500.469695058,0.19381994869870098
0.004296282164804563,29973249.950840056,0.17928345254629846
0.004296282164804563,29973999.431985054,0.16377785665040231
0.004296282164804563,29974748.913130056,0.1482722607545062
0.004296282164804563,29975498.394275058,0.12985936562812964
0.004296282164804563,29976247.875420056,0.11144647050175309
0.004296282164804563,29976997.356565055,0.09109537588838944
0.004296282164804563,29977746.837710056,0.07171338101851941
0.004296282164804563,29978496.31885506,0.05717688486611675
0.004296282164804563,29979245.800000057,0.052331386148649246
0.004296282164804563,29979995.281145055,0.06396058307057134
0.004296282164804563,29980744.762290053,0.09012627614489598
0.004296282164804563,29981494.24343506,0.12985936562812977
0.004296282164804563,29982243.724580057,0.17928345254629846
0.004296282164804563,29982993.205725055,0.2393676366428958
0.004296282164804563,29983742.68687006,0.31495741663538906
0.004296282164804563,29984492.16801506,0.42058928867618106
0.004296282164804563,29985241.649160057,0.6386367309622198
0.004296282164804563,29985991.130305056,0.9574705465715828
0.004296282164804563,29986740.611450054,1.090237211430193
0.004296282164804563,29987490.092595056,1.2181583775713356
0.004296282164804563,29988239.573740054,1.2985936562812965
0.004296282164804563,29988989.054885052,1.3412340449950106
0.004296282164804563,29989738.536030058,1.389689032169686
0.004296282164804563,29990488.017175056,1.4429895180618286
0.004296282164804563,29991237.498320054,1.501135502671439
0.004296282164804563,29991986.979465052,1.5631578862550233
0.004296282164804563,29992736.46061005,1.6280875690690884
0.004296282164804563,29993485.941755056,1.6784807557307502
0.004296282164804563,29994235.422900055,1.7027082493180883
0.004511063227262429,29964256.17710006,0.30139002022648004
0.004511063227262429,29965005.658245057,0.29557542176551893
0.004511063227262429,29965755.13939006,0.2868535240740774
0.004511063227262429,29966504.62053506,0.2791007261261293
0.004511063227262429,29967254.10168006,0.2713479281781814
0.004511063227262429,29968003.582825057,0.2616569307432462
0.004511063227262429,29968753.06397006,0.2519659333083112
0.004511063227262429,29969502.54511506,0.2413058361298827
0.004511063227262429,29970252.02626006,0.23064573895145424
0.004511063227262429,29971001.507405058,0.21901654202953214
0.004511063227262429,29971750.988550056,0.20641824536411657
0.004511063227262429,29972500.469695058,0.19285084895520752
0.004511063227262429,29973249.950840056,0.17928345254629846
0.004511063227262429,29973999.431985054,0.16377785665040231
0.004511063227262429,29974748.913130056,0.1473031610110127
0.004511063227262429,29975498.394275058,0.12985936562812964
0.004511063227262429,29976247.875420056,0.11144647050175309
0.004511063227262429,29976997.356565055,0.09109537588838944
0.004511063227262429,29977746.837710056,0.06977518153153232
0.004511063227262429,29978496.31885506,0.05426958563563634
0.004511063227262429,29979245.800000057,0.0503931866616623
0.004511063227262429,29979995.281145055,0.061053283840090934
0.004511063227262429,29980744.762290053,0.08818807665790887
0.004511063227262429,29981494.24343506,0.12889026588463617
0.004511063227262429,29982243.724580057,0.17734525305931137
0.004511063227262429,29982993.205725055,0.2374294371559087
0.004511063227262429,29983742.68687006,0.3139883168918956
0.004511063227262429,29984492.16801506,0.41962018893268754
0.004511063227262429,29985241.649160057,0.6337912322447522
0.004511063227262429,29985991.130305056,0.9584396463150763
0.004511063227262429,29986740.611450054,1.090237211430193
0.004511063227262429,29987490.092595056,1.2181583775713356
0.004511063227262429,29988239.573740054,1.297624556537803
0.004511063227262429,29988989.054885052,1.3402649452515172
0.004511063227262429,29989738.536030058,1.3887199324261925
0.004511063227262429,29990488.017175056,1.4420204183183352
0.004511063227262429,29991237.498320054,1.5001664029279456
0.004511063227262429,29991986.979465052,1.5621887865115298
0.004511063227262429,29992736.46061005,1.6280875690690884
0.004511063227262429,29993485.941755056,1.679449855474244
0.004511063227262429,29994235.422900055,1.7017391495745948
0.004725844289720295,29964256.17710006,0.30139002022648004
0.004725844289720295,29965005.658245057,0.2946063220220254
0.004725844289720295,29965755.13939006,0.2868535240740774
0.004725844289720295,29966504.62053506,0.2791007261261293
0.004725844289720295,29967254.10168006,0.2694097286911943
0.004725844289720295,29968003.582825057,0.2616569307432462
0.004725844289720295,29968753.06397006,0.2519659333083112
0.004725844289720295,29969502.54511506,0.2413058361298827
0.004725844289720295,29970252.02626006,0.2296766392079606
0.004725844289720295,29971001.507405058,0.21804744228603867
0.004725844289720295,29971750.988550056,0.20641824536411657
0.004725844289720295,29972500.469695058,0.19285084895520752
0.004725844289720295,29973249.950840056,0.17928345254629846
0.004725844289720295,29973999.431985054,0.16377785665040231
0.004725844289720295,29974748.913130056,0.1473031610110127
0.004725844289720295,29975498.394275058,0.12985936562812964
0.004725844289720295,29976247.875420056,0.10950827101476614
0.004725844289720295,29976997.356565055,0.08915717640140235
0.004725844289720295,29977746.837710056,0.06977518153153232
0.004725844289720295,29978496.31885506,0.05233138614864939
0.004725844289720295,29979245.800000057,0.048454987174675355
0.004725844289720295,29979995.281145055,0.05911508435310369
0.004725844289720295,29980744.762290053,0.08721897691441541
0.004725844289720295,29981494.24343506,0.12695206639764908
0.004725844289720295,29982243.724580057,0.17734525305931137
0.004725844289720295,29982993.205725055,0.2374294371559087
0.004725844289720295,29983742.68687006,0.31301921714840214
0.004725844289720295,29984492.16801506,0.416712889702207
0.004725844289720295,29985241.649160057,0.6299148332707781
0.004725844289720295,29985991.130305056,0.9574705465715827
0.004725844289720295,29986740.611450054,1.090237211430193
0.004725844289720295,29987490.092595056,1.2171892778278421
0.004725844289720295,29988239.573740054,1.297624556537803
0.004725844289720295,29988989.054885052,1.3402649452515172
0.004725844289720295,29989738.536030058,1.3887199324261925
0.004725844289720295,29990488.017175056,1.4420204183183352
0.004725844289720295,29991237.498320054,1.5001664029279456
0.004725844289720295,29991986.979465052,1.5621887865115298
0.004725844289720295,29992736.46061005,1.6280875690690884
0.004725844289720295,29993485.941755056,1.679449855474244
0.004725844289720295,29994235.422900055,1.7027082493180883
0.004940625352178162,29964256.17710006,0.30139002022648004
0.004940625352178162,29965005.658245057,0.2946063220220254
0.004940625352178162,29965755.13939006,0.2868535240740774
0.004940625352178162,29966504.62053506,0.2791007261261293
0.004940625352178162,29967254.10168006,0.2694097286911943
0.004940625352178162,29968003.582825057,0.2616569307432462
0.004940625352178162,29968753.06397006,0.2509968335648177
0.004940625352178162,29969502.54511506,0.2413058361298827
0.004940625352178162,29970252.02626006,0.2296766392079606
0.004940625352178162,29971001.507405058,0.21804744228603867
0.004940625352178162,29971750.988550056,0.20641824536411657
0.004940625352178162,29972500.469695058,0.19285084895520752
0.004940625352178162,29973249.950840056,0.17928345254629846
0.004940625352178162,29973999.431985054,0.16377785665040231
0.004940625352178162,29974748.913130056,0.14633406126751924
0.004940625352178162,29975498.394275058,0.12889026588463617
0.004940625352178162,29976247.875420056,0.10950827101476614
0.004940625352178162,29976997.356565055,0.08915717640140235
0.004940625352178162,29977746.837710056,0.06783698204454539
0.004940625352178162,29978496.31885506,0.05136228640515577
0.004940625352178162,29979245.800000057,0.04651678768768812
0.004940625352178162,29979995.281145055,0.05717688486611675
0.004940625352178162,29980744.762290053,0.08624987717092193
0.004940625352178162,29981494.24343506,0.12695206639764908
0.004940625352178162,29982243.724580057,0.1763761533158179
0.004940625352178162,29982993.205725055,0.2354912376689216
0.004940625352178162,29983742.68687006,0.3120501174049087
0.004940625352178162,29984492.16801506,0.4157437899587135
0.004940625352178162,29985241.649160057,0.6270075340402974
0.004940625352178162,29985991.130305056,0.9584396463150762
0.004940625352178162,29986740.611450054,1.0892681116866996
0.004940625352178162,29987490.092595056,1.2162201780843487
0.004940625352178162,29988239.573740054,1.297624556537803
0.004940625352178162,29988989.054885052,1.3402649452515172
0.004940625352178162,29989738.536030058,1.3887199324261925
0.004940625352178162,29990488.017175056,1.4420204183183352
0.004940625352178162,29991237.498320054,1.5001664029279456
0.004940625352178162,29991986.979465052,1.5621887865115298
0.004940625352178162,29992736.46061005,1.6280875690690884
0.004940625352178162,29993485.941755056,1.679449855474244
0.004940625352178162,29994235.422900055,1.7017391495745944
0.005155406414636029,29964256.17710006,0.30139002022648004
0.005155406414636029,29965005.658245057,0.29363722227853195
0.005155406414636029,29965755.13939006,0.2868535240740774
0.005155406414636029,29966504.62053506,0.2791007261261293
0.005155406414636029,29967254.10168006,0.2694097286911943
0.005155406414636029,29968003.582825057,0.26068783099975273
0.005155406414636029,29968753.06397006,0.2509968335648177
0.005155406414636029,29969502.54511506,0.24033673638638925
0.005155406414636029,29970252.02626006,0.2296766392079606
0.005155406414636029,29971001.507405058,0.21804744228603867
0.005155406414636029,29971750.988550056,0.20641824536411657
0.005155406414636029,29972500.469695058,0.19285084895520752
0.005155406414636029,29973249.950840056,0.17734525305931137
0.005155406414636029,29973999.431985054,0.16280875690690885
0.005155406414636029,29974748.913130056,0.14633406126751924
0.005155406414636029,29975498.394275058,0.12792116614114268
0.005155406414636029,29976247.875420056,0.10950827101476614
0.005155406414636029,29976997.356565055,0.08915717640140235
0.005155406414636029,29977746.837710056,0.06783698204454539
0.005155406414636029,29978496.31885506,0.04942408691816868
0.005155406414636029,29979245.800000057,0.04457858820070117
0.005155406414636029,29979995.281145055,0.056207785122623276
0.005155406414636029,29980744.762290053,0.084311677683935
0.005155406414636029,29981494.24343506,0.1259829666541556
0.005155406414636029,29982243.724580057,0.17540705357232428
0.005155406414636029,29982993.205725055,0.2354912376689216
0.005155406414636029,29983742.68687006,0.3101119179179216
0.005155406414636029,29984492.16801506,0.41477469021522007
0.005155406414636029,29985241.649160057,0.624100234809817
0.005155406414636029,29985991.130305056,0.9584396463150762
0.005155406414636029,29986740.611450054,1.0892681116866996
0.005155406414636029,29987490.092595056,1.2162201780843487
0.005155406414636029,29988239.573740054,1.2966554567943096
0.005155406414636029,29988989.054885052,1.3402649452515172
0.005155406414636029,29989738.536030058,1.3887199324261925
0.005155406414636029,29990488.017175056,1.4420204183183352
0.005155406414636029,29991237.498320054,1.5001664029279456
0.005155406414636029,29991986.979465052,1.5621887865115298
0.005155406414636029,29992736.46061005,1.6280875690690884
0.005155406414636029,29993485.941755056,1.6804189552177375
0.005155406414636029,29994235.422900055,1.7017391495745944
0.005370187477093895,29964256.17710006,0.30139002022648004
0.005370187477093895,29965005.658245057,0.29363722227853195
0.005370187477093895,29965755.13939006,0.2868535240740774
0.005370187477093895,29966504.62053506,0.27813162638263583
0.005370187477093895,29967254.10168006,0.2694097286911943
0.005370187477093895,29968003.582825057,0.25971873125625927
0.005370187477093895,29968753.06397006,0.2509968335648177
0.005370187477093895,29969502.54511506,0.24033673638638925
0.005370187477093895,29970252.02626006,0.2296766392079606
0.005370187477093895,29971001.507405058,0.21804744228603867
0.005370187477093895,29971750.988550056,0.20448004587712948
0.005370187477093895,29972500.469695058,0.19285084895520752
0.005370187477093895,29973249.950840056,0.17734525305931137
0.005370187477093895,29973999.431985054,0.1618396571634154
0.005370187477093895,29974748.913130056,0.14633406126751924
0.005370187477093895,29975498.394275058,0.12792116614114268
0.005370187477093895,29976247.875420056,0.10950827101476614
0.005370187477093895,29976997.356565055,0.08721897691441541
0.005370187477093895,29977746.837710056,0.0658987825575583
0.005370187477093895,29978496.31885506,0.04845498717467521
0.005370187477093895,29979245.800000057,0.042640388713714235
0.005370187477093895,29979995.281145055,0.05426958563563634
0.005370187477093895,29980744.762290053,0.084311677683935
0.005370187477093895,29981494.24343506,0.12501386691066213
0.005370187477093895,29982243.724580057,0.17443795382883082
0.005370187477093895,29982993.205725055,0.23452213792542811
0.005370187477093895,29983742.68687006,0.3101119179179216
0.005370187477093895,29984492.16801506,0.4138055904717266
0.005370187477093895,29985241.649160057,0.6211929355793366
0.005370187477093895,29985991.130305056,0.9594087460585696
0.005370187477093895,29986740.611450054,1.0892681116866996
0.005370187477093895,29987490.092595056,1.215251078340855
0.005370187477093895,29988239.573740054,1.2966554567943096
0.005370187477093895,29988989.054885052,1.3402649452515172
0.005370187477093895,29989738.536030058,1.3887199324261925
0.005370187477093895,29990488.017175056,1.4420204183183352
0.005370187477093895,29991237.498320054,1.5001664029279456
0.005370187477093895,29991986.979465052,1.5621887865115298
0.005370187477093895,29992736.46061005,1.6280875690690884
0.005370187477093895,29993485.941755056,1.6804189552177375
0.005370187477093895,29994235.422900055,1.7017391495745944
0.005584968539551762,29964256.17710006,0.30139002022648004
0.005584968539551762,29965005.658245057,0.29363722227853195
0.005584968539551762,29965755.13939006,0.2858844243305839
0.005584968539551762,29966504.62053506,0.27813162638263583
0.005584968539551762,29967254.10168006,0.2694097286911943
0.005584968539551762,29968003.582825057,0.25971873125625927
0.005584968539551762,29968753.06397006,0.25002773382132426
0.005584968539551762,29969502.54511506,0.24033673638638925
0.005584968539551762,29970252.02626006,0.2296766392079606
0.005584968539551762,29971001.507405058,0.21804744228603867
0.005584968539551762,29971750.988550056,0.20448004587712948
0.005584968539551762,29972500.469695058,0.19188174921171405
0.005584968539551762,29973249.950840056,0.17734525305931137
0.005584968539551762,29973999.431985054,0.1618396571634154
0.005584968539551762,29974748.913130056,0.14536496152402578
0.005584968539551762,29975498.394275058,0.12792116614114268
0.005584968539551762,29976247.875420056,0.10853917127127252
0.005584968539551762,29976997.356565055,0.08721897691441541
0.005584968539551762,29977746.837710056,0.0658987825575583
0.005584968539551762,29978496.31885506,0.046516787687688264
0.005584968539551762,29979245.800000057,0.04070218922672729
0.005584968539551762,29979995.281145055,0.05233138614864939
0.005584968539551762,29980744.762290053,0.0823734781969479
0.005584968539551762,29981494.24343506,0.12404476716716865
0.005584968539551762,29982243.724580057,0.17443795382883082
0.005584968539551762,29982993.205725055,0.23452213792542811
0.005584968539551762,29983742.68687006,0.30914281817442796
0.005584968539551762,29984492.16801506,0.41283649072823314
0.005584968539551762,29985241.649160057,0.6173165366053625
0.005584968539551762,29985991.130305056,0.9584396463150762
0.005584968539551762,29986740.611450054,1.088299011943206
0.005584968539551762,29987490.092595056,1.215251078340855
0.005584968539551762,29988239.573740054,1.2966554567943096
0.005584968539551762,29988989.054885052,1.3392958455080237
0.005584968539551762,29989738.536030058,1.387750832682699
0.005584968539551762,29990488.017175056,1.4410513185748417
0.005584968539551762,29991237.498320054,1.499197303184452
0.005584968539551762,29991986.979465052,1.5621887865115298
0.005584968539551762,29992736.46061005,1.627118469325595
0.005584968539551762,29993485.941755056,1.681388054961231
0.005584968539551762,29994235.422900055,1.7017391495745944
0.0057997496020096295,29964256.17710006,0.30139002022648004
0.0057997496020096295,29965005.658245057,0.29363722227853195
0.0057997496020096295,29965755.13939006,0.2858844243305839
0.0057997496020096295,29966504.62053506,0.27716252663914237
0.0057997496020096295,29967254.10168006,0.2694097286911943
0.0057997496020096295,29968003.582825057,0.25971873125625927
0.0057997496020096295,29968753.06397006,0.25002773382132426
0.0057997496020096295,29969502.54511506,0.24033673638638925
0.0057997496020096295,29970252.02626006,0.2296766392079606
0.0057997496020096295,29971001.507405058,0.21804744228603867
0.0057997496020096295,29971750.988550056,0.20448004587712948
0.0057997496020096295,29972500.469695058,0.19091264946822042
0.0057997496020096295,29973249.950840056,0.17734525305931137
0.0057997496020096295,29973999.431985054,0.1618396571634154
0.0057997496020096295,29974748.913130056,0.14536496152402578
0.0057997496020096295,29975498.394275058,0.12792116614114268
0.0057997496020096295,29976247.875420056,0.1075700715277789
0.0057997496020096295,29976997.356565055,0.08721897691441541
0.0057997496020096295,29977746.837710056,0.06492968281406482
0.0057997496020096295,29978496.31885506,0.045547687944194795
0.0057997496020096295,29979245.800000057,0.038763989739740046
0.0057997496020096295,29979995.281145055,0.05039318666166215
0.0057997496020096295,29980744.762290053,0.0823734781969479
0.0057997496020096295,29981494.24343506,0.12404476716716865
0.0057997496020096295,29982243.724580057,0.17249975434184386
0.0057997496020096295,29982993.205725055,0.2325839384384412
0.0057997496020096295,29983742.68687006,0.30914281817442796
0.0057997496020096295,29984492.16801506,0.4118673909847396
0.0057997496020096295,29985241.649160057,0.6153783371183755
0.0057997496020096295,29985991.130305056,0.9584396463150762
0.0057997496020096295,29986740.611450054,1.088299011943206
0.0057997496020096295,29987490.092595056,1.215251078340855
0.0057997496020096295,29988239.573740054,1.2966554567943096
0.0057997496020096295,29988989.054885052,1.3392958455080237
0.0057997496020096295,29989738.536030058,1.387750832682699
0.0057997496020096295,29990488.017175056,1.4410513185748417
0.0057997496020096295,29991237.498320054,1.499197303184452
0.0057997496020096295,29991986.979465052,1.5621887865115298
0.0057997496020096295,29992736.46061005,1.627118469325595
0.0057997496020096295,29993485.941755056,1.681388054961231
0.0057997496020096295,29994235.422900055,1.7017391495745944
0.006014530664467495,29964256.17710006,0.30139002022648004
0.006014530664467495,29965005.658245057,0.29363722227853195
0.006014530664467495,29965755.13939006,0.2858844243305839
0.006014530664467495,29966504.62053506,0.27716252663914237
0.006014530664467495,29967254.10168006,0.2694097286911943
0.006014530664467495,29968003.582825057,0.25971873125625927
0.006014530664467495,29968753.06397006,0.25002773382132426
0.006014530664467495,29969502.54511506,0.2393676366428958
0.006014530664467495,29970252.02626006,0.2296766392079606
0.006014530664467495,29971001.507405058,0.21804744228603867
0.006014530664467495,29971750.988550056,0.20448004587712948
0.006014530664467495,29972500.469695058,0.19091264946822042
0.006014530664467495,29973249.950840056,0.17734525305931137
0.006014530664467495,29973999.431985054,0.1618396571634154
0.006014530664467495,29974748.913130056,0.14536496152402578
0.006014530664467495,29975498.394275058,0.12792116614114268
0.006014530664467495,29976247.875420056,0.1075700715277789
0.006014530664467495,29976997.356565055,0.08721897691441541
0.006014530664467495,29977746.837710056,0.06492968281406482
0.006014530664467495,29978496.31885506,0.044578588200701326
0.006014530664467495,29979245.800000057,0.037794889996246576
0.006014530664467495,29979995.281145055,0.05039318666166215
0.006014530664467495,29980744.762290053,0.0823734781969479
0.006014530664467495,29981494.24343506,0.12307566742367519
0.006014530664467495,29982243.724580057,0.17249975434184386
0.006014530664467495,29982993.205725055,0.2325839384384412
0.006014530664467495,29983742.68687006,0.30720461868744103
0.006014530664467495,29984492.16801506,0.41089829124124605
0.006014530664467495,29985241.649160057,0.6134401376313886
0.006014530664467495,29985991.130305056,0.95940874605857
0.006014530664467495,29986740.611450054,1.0892681116866996
0.006014530664467495,29987490.092595056,1.215251078340855
0.006014530664467495,29988239.573740054,1.2956863570508161
0.006014530664467495,29988989.054885052,1.3392958455080237
0.006014530664467495,29989738.536030058,1.387750832682699
0.006014530664467495,29990488.017175056,1.4410513185748417
0.006014530664467495,29991237.498320054,1.499197303184452
0.006014530664467495,29991986.979465052,1.5621887865115298
0.006014530664467495,29992736.46061005,1.627118469325595
0.006014530664467495,29993485.941755056,1.681388054961231
0.006014530664467495,29994235.422900055,1.7017391495745944
0.0062293117269253614,29964256.17710006,0.30139002022648004
0.0062293117269253614,29965005.658245057,0.29363722227853195
0.0062293117269253614,29965755.13939006,0.2858844243305839
0.0062293117269253614,29966504.62053506,0.27716252663914237
0.0062293117269253614,29967254.10168006,0.2694097286911943
0.0062293117269253614,29968003.582825057,0.25971873125625927
0.0062293117269253614,29968753.06397006,0.25002773382132426
0.0062293117269253614,29969502.54511506,0.2393676366428958
0.0062293117269253614,29970252.02626006,0.22870753946446715
0.0062293117269253614,29971001.507405058,0.21610924279905158
0.0062293117269253614,29971750.988550056,0.20448004587712948
0.0062293117269253614,29972500.469695058,0.19091264946822042
0.0062293117269253614,29973249.950840056,0.17734525305931137
0.0062293117269253614,29973999.431985054,0.1618396571634154
0.0062293117269253614,29974748.913130056,0.14439586178053215
0.0062293117269253614,29975498.394275058,0.1259829666541556
0.0062293117269253614,29976247.875420056,0.1075700715277789
0.0062293117269253614,29976997.356565055,0.08721897691441541
0.0062293117269253614,29977746.837710056,0.06396058307057134
0.0062293117269253614,29978496.31885506,0.043609488457207704
0.0062293117269253614,29979245.800000057,0.03585669050925963
0.0062293117269253614,29979995.281145055,0.04845498717467521
0.0062293117269253614,29980744.762290053,0.08043527870996095
0.0062293117269253614,29981494.24343506,0.12210656768018156
0.0062293117269253614,29982243.724580057,0.17249975434184386
0.0062293117269253614,29982993.205725055,0.2316148386949477
0.0062293117269253614,29983742.68687006,0.30720461868744103
0.0062293117269253614,29984492.16801506,0.41089829124124605
0.0062293117269253614,29985241.649160057,0.6115019381444016
0.0062293117269253614,29985991.130305056,0.95940874605857
0.0062293117269253614,29986740.611450054,1.0892681116866996
0.0062293117269253614,29987490.092595056,1.215251078340855
0.0062293117269253614,29988239.573740054,1.2956863570508161
0.0062293117269253614,29988989.054885052,1.3392958455080237
0.0062293117269253614,29989738.536030058,1.387750832682699
0.0062293117269253614,29990488.017175056,1.4410513185748417
0.0062293117269253614,29991237.498320054,1.499197303184452
0.0062293117269253614,29991986.979465052,1.5621887865115298
0.0062293117269253614,29992736.46061005,1.627118469325595
0.0062293117269253614,29993485.941755056,1.6823571547047245
0.0062293117269253614,29994235.422900055,1.7017391495745944
0.006444092789383228,29964256.17710006,0.30139002022648004
0.006444092789383228,29965005.658245057,0.29363722227853195
0.006444092789383228,29965755.13939006,0.2858844243305839
0.006444092789383228,29966504.62053506,0.27716252663914237
0.006444092789383228,29967254.10168006,0.2694097286911943
0.006444092789383228,29968003.582825057,0.25971873125625927
0.006444092789383228,29968753.06397006,0.25002773382132426
0.006444092789383228,29969502.54511506,0.2393676366428958
0.006444092789383228,29970252.02626006,0.22773843972097368
0.006444092789383228,29971001.507405058,0.21610924279905158
0.006444092789383228,29971750.988550056,0.20448004587712948
0.006444092789383228,29972500.469695058,0.19091264946822042
0.006444092789383228,29973249.950840056,0.17734525305931137
0.006444092789383228,29973999.431985054,0.1618396571634154
0.006444092789383228,29974748.913130056,0.14439586178053215
0.006444092789383228,29975498.394275058,0.1259829666541556
0.006444092789383228,29976247.875420056,0.1075700715277789
0.006444092789383228,29976997.356565055,0.08624987717092193
0.006444092789383228,29977746.837710056,0.06396058307057134
0.006444092789383228,29978496.31885506,0.04264038871371408
0.006444092789383228,29979245.800000057,0.03488759076576616
0.006444092789383228,29979995.281145055,0.04845498717467521
0.006444092789383228,29980744.762290053,0.08043527870996095
0.006444092789383228,29981494.24343506,0.12210656768018156
0.006444092789383228,29982243.724580057,0.1715306545983504
0.006444092789383228,29982993.205725055,0.2316148386949477
0.006444092789383228,29983742.68687006,0.3062355189439475
0.006444092789383228,29984492.16801506,0.40896009175425907
0.006444092789383228,29985241.649160057,0.6095637386574146
0.006444092789383228,29985991.130305056,0.9584396463150764
0.006444092789383228,29986740.611450054,1.0892681116866996
0.006444092789383228,29987490.092595056,1.2142819785973615
0.006444092789383228,29988239.573740054,1.2956863570508161
0.006444092789383228,29988989.054885052,1.3392958455080237
0.006444092789383228,29989738.536030058,1.387750832682699
0.006444092789383228,29990488.017175056,1.4410513185748417
0.006444092789383228,29991237.498320054,1.499197303184452
0.006444092789383228,29991986.979465052,1.5612196867680364
0.006444092789383228,29992736.46061005,1.626149369582101
0.006444092789383228,29993485.941755056,1.6823571547047245
0.006444092789383228,29994235.422900055,1.7017391495745944
0.006658873851841095,29964256.17710006,0.30139002022648004
0.006658873851841095,29965005.658245057,0.29363722227853195
0.006658873851841095,29965755.13939006,0.2849153245870904
0.006658873851841095,29966504.62053506,0.27716252663914237
0.006658873851841095,29967254.10168006,0.2694097286911943
0.006658873851841095,29968003.582825057,0.25971873125625927
0.006658873851841095,29968753.06397006,0.25002773382132426
0.006658873851841095,29969502.54511506,0.2393676366428958
0.006658873851841095,29970252.02626006,0.22773843972097368
0.006658873851841095,29971001.507405058,0.21610924279905158
0.006658873851841095,29971750.988550056,0.20448004587712948
0.006658873851841095,29972500.469695058,0.19091264946822042
0.006658873851841095,29973249.950840056,0.17734525305931137
0.006658873851841095,29973999.431985054,0.1618396571634154
0.006658873851841095,29974748.913130056,0.14439586178053215
0.006658873851841095,29975498.394275058,0.1259829666541556
0.006658873851841095,29976247.875420056,0.1075700715277789
0.006658873851841095,29976997.356565055,0.08528077742742847
0.006658873851841095,29977746.837710056,0.06299148332707788
0.006658873851841095,29978496.31885506,0.04264038871371408
0.006658873851841095,29979245.800000057,0.03391849102227269
0.006658873851841095,29979995.281145055,0.046516787687688264
0.006658873851841095,29980744.762290053,0.08043527870996095
0.006658873851841095,29981494.24343506,0.12210656768018156
0.006658873851841095,29982243.724580057,0.1715306545983504
0.006658873851841095,29982993.205725055,0.2316148386949477
0.006658873851841095,29983742.68687006,0.3062355189439475
0.006658873851841095,29984492.16801506,0.40896009175425907
0.006658873851841095,29985241.649160057,0.6076255391704274
0.006658873851841095,29985991.130305056,0.95940874605857
0.006658873851841095,29986740.611450054,1.0892681116866996
0.006658873851841095,29987490.092595056,1.2142819785973615
0.006658873851841095,29988239.573740054,1.2956863570508161
0.006658873851841095,29988989.054885052,1.3392958455080237
0.006658873851841095,29989738.536030058,1.387750832682699
0.006658873851841095,29990488.017175056,1.4410513185748417
0.006658873851841095,29991237.498320054,1.499197303184452
0.006658873851841095,29991986.979465052,1.5612196867680364
0.006658873851841095,29992736.46061005,1.626149369582101
0.006658873851841095,29993485.941755056,1.6823571547047245
0.006658873851841095,29994235.422900055,1.7017391495745944
0.006873654914298962,29964256.17710006,0.3004209204829866
0.006873654914298962,29965005.658245057,0.29363722227853195
0.006873654914298962,29965755.13939006,0.2849153245870904
0.006873654914298962,29966504.62053506,0.27716252663914237
0.006873654914298962,29967254.10168006,0.2684406289477008
0.006873654914298962,29968003.582825057,0.25971873125625927
0.006873654914298962,29968753.06397006,0.25002773382132426
0.006873654914298962,29969502.54511506,0.2393676366428958
0.006873654914298962,29970252.02626006,0.22773843972097368
0.006873654914298962,29971001.507405058,0.21610924279905158
0.006873654914298962,29971750.988550056,0.20448004587712948
0.006873654914298962,29972500.469695058,0.19091264946822042
0.006873654914298962,29973249.950840056,0.1763761533158179
0.006873654914298962,29973999.431985054,0.1608705574199219
0.006873654914298962,29974748.913130056,0.14439586178053215
0.006873654914298962,29975498.394275058,0.1259829666541556
0.006873654914298962,29976247.875420056,0.10660097178428543
0.006873654914298962,29976997.356565055,0.08528077742742847
0.006873654914298962,29977746.837710056,0.06299148332707788
0.006873654914298962,29978496.31885506,0.04070218922672714
0.006873654914298962,29979245.800000057,0.032949391278779216
0.006873654914298962,29979995.281145055,0.046516787687688264
0.006873654914298962,29980744.762290053,0.07946617896646734
0.006873654914298962,29981494.24343506,0.12210656768018156
0.006873654914298962,29982243.724580057,0.1715306545983504
0.006873654914298962,29982993.205725055,0.2316148386949477
0.006873654914298962,29983742.68687006,0.3062355189439475
0.006873654914298962,29984492.16801506,0.4079909920107656
0.006873654914298962,29985241.649160057,0.6056873396834405
0.006873654914298962,29985991.130305056,0.95940874605857
0.006873654914298962,29986740.611450054,1.088299011943206
0.006873654914298962,29987490.092595056,1.2142819785973615
0.006873654914298962,29988239.573740054,1.2956863570508161
0.006873654914298962,29988989.054885052,1.3392958455080237
0.006873654914298962,29989738.536030058,1.387750832682699
0.006873654914298962,29990488.017175056,1.4410513185748417
0.006873654914298962,29991237.498320054,1.499197303184452
0.006873654914298962,29991986.979465052,1.5612196867680364
0.006873654914298962,29992736.46061005,1.626149369582101
0.006873654914298962,29993485.941755056,1.6823571547047245
0.006873654914298962,29994235.422900055,1.7017391495745944
0.007088435976756829,29964256.17710006,0.3004209204829866
0.007088435976756829,29965005.658245057,0.2926681225350385
0.007088435976756829,29965755.13939006,0.2849153245870904
0.007088435976756829,29966504.62053506,0.27716252663914237
0.007088435976756829,29967254.10168006,0.2684406289477008
0.007088435976756829,29968003.582825057,0.25971873125625927
0.007088435976756829,29968753.06397006,0.2490586340778308
0.007088435976756829,29969502.54511506,0.2393676366428958
0.007088435976756829,29970252.02626006,0.22773843972097368
0.007088435976756829,29971001.507405058,0.21610924279905158
0.007088435976756829,29971750.988550056,0.20448004587712948
0.007088435976756829,29972500.469695058,0.19091264946822042
0.007088435976756829,29973249.950840056,0.17540705357232445
0.007088435976756829,29973999.431985054,0.1599014576764283
0.007088435976756829,29974748.913130056,0.14439586178053215
0.007088435976756829,29975498.394275058,0.1259829666541556
0.007088435976756829,29976247.875420056,0.10660097178428543
0.007088435976756829,29976997.356565055,0.08528077742742847
0.007088435976756829,29977746.837710056,0.06299148332707788
0.007088435976756829,29978496.31885506,0.04070218922672714
0.007088435976756829,29979245.800000057,0.03198029153528575
0.007088435976756829,29979995.281145055,0.045547687944194795
0.007088435976756829,29980744.762290053,0.07849707922297386
0.007088435976756829,29981494.24343506,0.12016836819319462
0.007088435976756829,29982243.724580057,0.17056155485485694
0.007088435976756829,29982993.205725055,0.22967663920796078
0.007088435976756829,29983742.68687006,0.30526641920045405
0.007088435976756829,29984492.16801506,0.4079909920107656
0.007088435976756829,29985241.649160057,0.604718239939947
0.007088435976756829,29985991.130305056,0.95940874605857
0.007088435976756829,29986740.611450054,1.088299011943206
0.007088435976756829,29987490.092595056,1.2142819785973615
0.007088435976756829,29988239.573740054,1.2956863570508161
0.007088435976756829,29988989.054885052,1.3383267457645303
0.007088435976756829,29989738.536030058,1.387750832682699
0.007088435976756829,29990488.017175056,1.4410513185748417
0.007088435976756829,29991237.498320054,1.499197303184452
0.007088435976756829,29991986.979465052,1.5612196867680364
0.007088435976756829,29992736.46061005,1.626149369582101
0.007088435976756829,29993485.941755056,1.683326254448218
0.007088435976756829,29994235.422900055,1.7017391495745944
0.007303217039214696,29964256.17710006,0.3004209204829866
0.007303217039214696,29965005.658245057,0.2926681225350385
0.007303217039214696,29965755.13939006,0.2849153245870904
0.007303217039214696,29966504.62053506,0.27716252663914237
0.007303217039214696,29967254.10168006,0.26747152920420736
0.007303217039214696,29968003.582825057,0.2587496315127658
0.007303217039214696,29968753.06397006,0.2490586340778308
0.007303217039214696,29969502.54511506,0.2393676366428958
0.007303217039214696,29970252.02626006,0.22773843972097368
0.007303217039214696,29971001.507405058,0.21610924279905158
0.007303217039214696,29971750.988550056,0.20448004587712948
0.007303217039214696,29972500.469695058,0.19091264946822042
0.007303217039214696,29973249.950840056,0.17540705357232445
0.007303217039214696,29973999.431985054,0.1599014576764283
0.007303217039214696,29974748.913130056,0.14439586178053215
0.007303217039214696,29975498.394275058,0.1259829666541556
0.007303217039214696,29976247.875420056,0.10563187204079195
0.007303217039214696,29976997.356565055,0.08528077742742847
0.007303217039214696,29977746.837710056,0.0620223835835844
0.007303217039214696,29978496.31885506,0.04070218922672714
0.007303217039214696,29979245.800000057,0.031011191791792278
0.007303217039214696,29979995.281145055,0.044578588200701326
0.007303217039214696,29980744.762290053,0.07849707922297386
0.007303217039214696,29981494.24343506,0.12016836819319462
0.007303217039214696,29982243.724580057,0.1695924551113633
0.007303217039214696,29982993.205725055,0.22967663920796078
0.007303217039214696,29983742.68687006,0.3042973194569606
0.007303217039214696,29984492.16801506,0.40702189226727215
0.007303217039214696,29985241.649160057,0.6027800404529601
0.007303217039214696,29985991.130305056,0.9603778458020634
0.007303217039214696,29986740.611450054,1.088299011943206
0.007303217039214696,29987490.092595056,1.2142819785973615
0.007303217039214696,29988239.573740054,1.2947172573073225
0.007303217039214696,29988989.054885052,1.3383267457645303
0.007303217039214696,29989738.536030058,1.3867817329392056
0.007303217039214696,29990488.017175056,1.4400822188313482
0.007303217039214696,29991237.498320054,1.4982282034409586
0.007303217039214696,29991986.979465052,1.5612196867680364
0.007303217039214696,29992736.46061005,1.626149369582101
0.007303217039214696,29993485.941755056,1.683326254448218
0.007303217039214696,29994235.422900055,1.7017391495745944
0.007517998101672562,29964256.17710006,0.3004209204829866
0.007517998101672562,29965005.658245057,0.2926681225350385
0.007517998101672562,29965755.13939006,0.2849153245870904
0.007517998101672562,29966504.62053506,0.27716252663914237
0.007517998101672562,29967254.10168006,0.26747152920420736
0.007517998101672562,29968003.582825057,0.2587496315127658
0.007517998101672562,29968753.06397006,0.2490586340778308
0.007517998101672562,29969502.54511506,0.2393676366428958
0.007517998101672562,29970252.02626006,0.22773843972097368
0.007517998101672562,29971001.507405058,0.21610924279905158
0.007517998101672562,29971750.988550056,0.20448004587712948
0.007517998101672562,29972500.469695058,0.19091264946822042
0.007517998101672562,29973249.950840056,0.17540705357232445
0.007517998101672562,29973999.431985054,0.1599014576764283
0.007517998101672562,29974748.913130056,0.1434267620370387
0.007517998101672562,29975498.394275058,0.1259829666541556
0.007517998101672562,29976247.875420056,0.10563187204079195
0.007517998101672562,29976997.356565055,0.08528077742742847
0.007517998101672562,29977746.837710056,0.0620223835835844
0.007517998101672562,29978496.31885506,0.0387639897397402
0.007517998101672562,29979245.800000057,0.030042092048298656
0.007517998101672562,29979995.281145055,0.044578588200701326
0.007517998101672562,29980744.762290053,0.07849707922297386
0.007517998101672562,29981494.24343506,0.12016836819319462
0.007517998101672562,29982243.724580057,0.1695924551113633
0.007517998101672562,29982993.205725055,0.22967663920796078
0.007517998101672562,29983742.68687006,0.3042973194569606
0.007517998101672562,29984492.16801506,0.40702189226727215
0.007517998101672562,29985241.649160057,0.6018109407094666
0.007517998101672562,29985991.130305056,0.9603778458020634
0.007517998101672562,29986740.611450054,1.088299011943206
0.007517998101672562,29987490.092595056,1.2142819785973615
0.007517998101672562,29988239.573740054,1.2947172573073225
0.007517998101672562,29988989.054885052,1.3383267457645303
0.007517998101672562,29989738.536030058,1.3867817329392056
0.007517998101672562,29990488.017175056,1.4400822188313482
0.007517998101672562,29991237.498320054,1.4982282034409586
0.007517998101672562,29991986.979465052,1.5612196867680364
0.007517998101672562,29992736.46061005,1.626149369582101
0.007517998101672562,29993485.941755056,1.683326254448218
0.007517998101672562,29994235.422900055,1.7017391495745944
0.007732779164130429,29964256.17710006,0.2994518207394931
0.007732779164130429,29965005.658245057,0.2926681225350385
0.007732779164130429,29965755.13939006,0.2849153245870904
0.007732779164130429,29966504.62053506,0.27716252663914237
0.007732779164130429,29967254.10168006,0.26747152920420736
0.007732779164130429,29968003.582825057,0.2587496315127658
0.007732779164130429,29968753.06397006,0.2490586340778308
0.007732779164130429,29969502.54511506,0.2393676366428958
0.007732779164130429,29970252.02626006,0.22773843972097368
0.007732779164130429,29971001.507405058,0.21610924279905158
0.007732779164130429,29971750.988550056,0.203510946133636
0.007732779164130429,29972500.469695058,0.19091264946822042
0.007732779164130429,29973249.950840056,0.17540705357232445
0.007732779164130429,29973999.431985054,0.1599014576764283
0.007732779164130429,29974748.913130056,0.1434267620370387
0.007732779164130429,29975498.394275058,0.1259829666541556
0.007732779164130429,29976247.875420056,0.10563187204079195
0.007732779164130429,29976997.356565055,0.08528077742742847
0.007732779164130429,29977746.837710056,0.0620223835835844
0.007732779164130429,29978496.31885506,0.0387639897397402
0.007732779164130429,29979245.800000057,0.029072992304805034
0.007732779164130429,29979995.281145055,0.043609488457207704
0.007732779164130429,29980744.762290053,0.0775279794794804
0.007732779164130429,29981494.24343506,0.12016836819319462
0.007732779164130429,29982243.724580057,0.1695924551113633
0.007732779164130429,29982993.205725055,0.22967663920796078
0.007732779164130429,29983742.68687006,0.3042973194569606
0.007732779164130429,29984492.16801506,0.40702189226727215
0.007732779164130429,29985241.649160057,0.6008418409659732
0.007732779164130429,29985991.130305056,0.9603778458020634
0.007732779164130429,29986740.611450054,1.088299011943206
0.007732779164130429,29987490.092595056,1.2142819785973615
0.007732779164130429,29988239.573740054,1.2947172573073225
0.007732779164130429,29988989.054885052,1.3383267457645303
0.007732779164130429,29989738.536030058,1.3867817329392056
0.007732779164130429,29990488.017175056,1.4400822188313482
0.007732779164130429,29991237.498320054,1.4982282034409586
0.007732779164130429,29991986.979465052,1.5612196867680364
0.007732779164130429,29992736.46061005,1.626149369582101
0.007732779164130429,29993485.941755056,1.683326254448218
0.007732779164130429,29994235.422900055,1.7017391495745944
0.007947560226588296,29964256.17710006,0.2994518207394931
0.007947560226588296,29965005.658245057,0.2926681225350385
0.007947560226588296,29965755.13939006,0.2849153245870904
0.007947560226588296,29966504.62053506,0.27716252663914237
0.007947560226588296,29967254.10168006,0.26747152920420736
0.007947560226588296,29968003.582825057,0.2587496315127658
0.007947560226588296,29968753.06397006,0.2490586340778308
0.007947560226588296,29969502.54511506,0.2393676366428958
0.007947560226588296,29970252.02626006,0.22773843972097368
0.007947560226588296,29971001.507405058,0.21610924279905158
0.007947560226588296,29971750.988550056,0.203510946133636
0.007947560226588296,29972500.469695058,0.18994354972472696
0.007947560226588296,29973249.950840056,0.17540705357232445
0.007947560226588296,29973999.431985054,0.1599014576764283
0.007947560226588296,29974748.913130056,0.1434267620370387
0.007947560226588296,29975498.394275058,0.1259829666541556
0.007947560226588296,29976247.875420056,0.10563187204079195
0.007947560226588296,29976997.356565055,0.084311677683935
0.007947560226588296,29977746.837710056,0.06105328384009078
0.007947560226588296,29978496.31885506,0.0387639897397402
0.007947560226588296,29979245.800000057,0.028103892561311565
0.007947560226588296,29979995.281145055,0.04264038871371408
0.007947560226588296,29980744.762290053,0.0775279794794804
0.007947560226588296,29981494.24343506,0.12016836819319462
0.007947560226588296,29982243.724580057,0.1695924551113633
0.007947560226588296,29982993.205725055,0.22870753946446715
0.007947560226588296,29983742.68687006,0.30332821971346696
0.007947560226588296,29984492.16801506,0.4050836927802849
0.007947560226588296,29985241.649160057,0.5998727412224797
0.007947560226588296,29985991.130305056,0.9603778458020634
0.007947560226588296,29986740.611450054,1.088299011943206
0.007947560226588296,29987490.092595056,1.2142819785973615
0.007947560226588296,29988239.573740054,1.2947172573073225
0.007947560226588296,29988989.054885052,1.3383267457645303
0.007947560226588296,29989738.536030058,1.3867817329392056
0.007947560226588296,29990488.017175056,1.4400822188313482
0.007947560226588296,29991237.498320054,1.4982282034409586
0.007947560226588296,29991986.979465052,1.5612196867680364
0.007947560226588296,29992736.46061005,1.626149369582101
0.007947560226588296,29993485.941755056,1.6842953541917114
0.007947560226588296,29994235.422900055,1.7017391495745944
0.008162341289046162,29964256.17710006,0.2994518207394931
0.008162341289046162,29965005.658245057,0.2926681225350385
0.008162341289046162,29965755.13939006,0.2849153245870904
0.008162341289046162,29966504.62053506,0.27716252663914237
0.008162341289046162,29967254.10168006,0.26747152920420736
0.008162341289046162,29968003.582825057,0.2587496315127658
0.008162341289046162,29968753.06397006,0.2490586340778308
0.008162341289046162,29969502.54511506,0.2393676366428958
0.008162341289046162,29970252.02626006,0.22773843972097368
0.008162341289046162,29971001.507405058,0.21610924279905158
0.008162341289046162,29971750.988550056,0.203510946133636
0.008162341289046162,29972500.469695058,0.18994354972472696
0.008162341289046162,29973249.950840056,0.17540705357232445
0.008162341289046162,29973999.431985054,0.1599014576764283
0.008162341289046162,29974748.913130056,0.1434267620370387
0.008162341289046162,29975498.394275058,0.1259829666541556
0.008162341289046162,29976247.875420056,0.10563187204079195
0.008162341289046162,29976997.356565055,0.084311677683935
0.008162341289046162,29977746.837710056,0.06105328384009078
0.008162341289046162,29978496.31885506,0.0387639897397402
0.008162341289046162,29979245.800000057,0.028103892561311565
0.008162341289046162,29979995.281145055,0.04264038871371408
0.008162341289046162,29980744.762290053,0.07655887973598692
0.008162341289046162,29981494.24343506,0.11919926844970115
0.008162341289046162,29982243.724580057,0.1695924551113633
0.008162341289046162,29982993.205725055,0.22870753946446715
0.008162341289046162,29983742.68687006,0.30332821971346696
0.008162341289046162,29984492.16801506,0.4050836927802849
0.008162341289046162,29985241.649160057,0.5979345417354924
0.008162341289046162,29985991.130305056,0.9603778458020634
0.008162341289046162,29986740.611450054,1.088299011943206
0.008162341289046162,29987490.092595056,1.213312878853868
0.008162341289046162,29988239.573740054,1.2947172573073225
0.008162341289046162,29988989.054885052,1.3383267457645303
0.008162341289046162,29989738.536030058,1.3867817329392056
0.008162341289046162,29990488.017175056,1.4400822188313482
0.008162341289046162,29991237.498320054,1.4982282034409586
0.008162341289046162,29991986.979465052,1.5612196867680364
0.008162341289046162,29992736.46061005,1.626149369582101
0.008162341289046162,29993485.941755056,1.6842953541917114
0.008162341289046162,29994235.422900055,1.7017391495745944
0.00837712235150403,29964256.17710006,0.2994518207394931
0.00837712235150403,29965005.658245057,0.2926681225350385
0.00837712235150403,29965755.13939006,0.2849153245870904
0.00837712235150403,29966504.62053506,0.27716252663914237
0.00837712235150403,29967254.10168006,0.26747152920420736
0.00837712235150403,29968003.582825057,0.2587496315127658
0.00837712235150403,29968753.06397006,0.2490586340778308
0.00837712235150403,29969502.54511506,0.2383985368994023
0.00837712235150403,29970252.02626006,0.22773843972097368
0.00837712235150403,29971001.507405058,0.21610924279905158
0.00837712235150403,29971750.988550056,0.20254184639014253
0.00837712235150403,29972500.469695058,0.18994354972472696
0.00837712235150403,29973249.950840056,0.17540705357232445
0.00837712235150403,29973999.431985054,0.1599014576764283
0.00837712235150403,29974748.913130056,0.1434267620370387
0.00837712235150403,29975498.394275058,0.12501386691066213
0.00837712235150403,29976247.875420056,0.10563187204079195
0.00837712235150403,29976997.356565055,0.08334257794044152
0.00837712235150403,29977746.837710056,0.06105328384009078
0.00837712235150403,29978496.31885506,0.03682579025275325
0.00837712235150403,29979245.800000057,0.026165693074324623
0.00837712235150403,29979995.281145055,0.04264038871371408
0.00837712235150403,29980744.762290053,0.07655887973598692
0.00837712235150403,29981494.24343506,0.11919926844970115
0.00837712235150403,29982243.724580057,0.1695924551113633
0.00837712235150403,29982993.205725055,0.22870753946446715
0.00837712235150403,29983742.68687006,0.30332821971346696
0.00837712235150403,29984492.16801506,0.4050836927802849
0.00837712235150403,29985241.649160057,0.596965441991999
0.00837712235150403,29985991.130305056,0.9603778458020634
0.00837712235150403,29986740.611450054,1.088299011943206
0.00837712235150403,29987490.092595056,1.213312878853868
0.00837712235150403,29988239.573740054,1.2947172573073225
0.00837712235150403,29988989.054885052,1.3383267457645303
0.00837712235150403,29989738.536030058,1.3867817329392056
0.00837712235150403,29990488.017175056,1.4400822188313482
0.00837712235150403,29991237.498320054,1.4982282034409586
0.00837712235150403,29991986.979465052,1.5612196867680364
0.00837712235150403,29992736.46061005,1.626149369582101
0.00837712235150403,29993485.941755056,1.6842953541917114
0.00837712235150403,29994235.422900055,1.7017391495745944
0.008591903413961896,29964256.17710006,0.2994518207394931
0.008591903413961896,29965005.658245057,0.2926681225350385
0.008591903413961896,29965755.13939006,0.2849153245870904
0.008591903413961896,29966504.62053506,0.27716252663914237
0.008591903413961896,29967254.10168006,0.26747152920420736
0.008591903413961896,29968003.582825057,0.2587496315127658
0.008591903413961896,29968753.06397006,0.2490586340778308
0.008591903413961896,29969502.54511506,0.2383985368994023
0.008591903413961896,29970252.02626006,0.22773843972097368
0.008591903413961896,29971001.507405058,0.21610924279905158
0.008591903413961896,29971750.988550056,0.20254184639014253
0.008591903413961896,29972500.469695058,0.18897444998123347
0.008591903413961896,29973249.950840056,0.17540705357232445
0.008591903413961896,29973999.431985054,0.1599014576764283
0.008591903413961896,29974748.913130056,0.1424576622935452
0.008591903413961896,29975498.394275058,0.12501386691066213
0.008591903413961896,29976247.875420056,0.10563187204079195
0.008591903413961896,29976997.356565055,0.08334257794044152
0.008591903413961896,29977746.837710056,0.06105328384009078
0.008591903413961896,29978496.31885506,0.03682579025275325
0.008591903413961896,29979245.800000057,0.026165693074324623
0.008591903413961896,29979995.281145055,0.04167128897022061
0.008591903413961896,29980744.762290053,0.07655887973598692
0.008591903413961896,29981494.24343506,0.11823016870620753
0.008591903413961896,29982243.724580057,0.16862335536786982
0.008591903413961896,29982993.205725055,0.22870753946446715
0.008591903413961896,29983742.68687006,0.30332821971346696
0.008591903413961896,29984492.16801506,0.4041145930367914
0.008591903413961896,29985241.649160057,0.596965441991999
0.008591903413961896,29985991.130305056,0.9603778458020634
0.008591903413961896,29986740.611450054,1.0873299121997124
0.008591903413961896,29987490.092595056,1.213312878853868
0.008591903413961896,29988239.573740054,1.2947172573073225
0.008591903413961896,29988989.054885052,1.3383267457645303
0.008591903413961896,29989738.536030058,1.3867817329392056
0.008591903413961896,29990488.017175056,1.4400822188313482
0.008591903413961896,29991237.498320054,1.4982282034409586
0.008591903413961896,29991986.979465052,1.5612196867680364
0.008591903413961896,29992736.46061005,1.627118469325595
0.008591903413961896,29993485.941755056,1.6842953541917114
0.008591903413961896,29994235.422900055,1.7017391495745944
