sigmaE,2.988931e+07,2.989231e+07,2.989530e+07,2.989830e+07,2.990130e+07,2.990430e+07,2.990730e+07,2.991029e+07,2.991329e+07,2.991629e+07,2.991929e+07,2.992229e+07,2.992528e+07,2.992828e+07,2.993128e+07,2.993428e+07,2.993727e+07,2.994027e+07,2.994327e+07,2.994627e+07,2.994927e+07,2.995226e+07,2.995526e+07,2.995826e+07,2.996126e+07,2.996426e+07,2.996725e+07,2.997025e+07,2.997325e+07,2.997625e+07,2.997925e+07,2.998224e+07,2.998524e+07,2.998824e+07,2.999124e+07,2.999424e+07,2.999723e+07,3.000023e+07,3.000323e+07,3.000623e+07,3.000923e+07,3.001222e+07,3.001522e+07,3.001822e+07,3.002122e+07,3.002421e+07,3.002721e+07,3.003021e+07,3.003321e+07,3.003621e+07,3.003920e+07,3.004220e+07,3.004520e+07,3.004820e+07,3.005120e+07,3.005419e+07,3.005719e+07,3.006019e+07,3.006319e+07,3.006619e+07,3.006918e+07
1.239842e-02,0.025693695080976013,0.025693695080976013,0.025499780401119596,0.02530586572126317,0.02530586572126317,0.02511195104140675,0.02511195104140675,0.02491803636155033,0.02472412168169391,0.024530207001837476,0.024336292321981055,0.024142377642124638,0.023948462962268213,0.023754548282411792,0.02356063360255537,0.02317280424284252,0.022978889562986098,0.022591060203273255,0.02220323084356041,0.02181540148384756,0.021427572124134715,0.020845828084565452,0.02026408404499618,0.019682340005426912,0.019100595965857645,0.018324937246431954,0.01774319320686268,0.017355363847149842,0.017840150546790893,0.019391467985642275,0.022784974883129673,0.02957198867810448,0.04285514424826943,0.06544620445154269,0.08706769125553382,0.09918735874656025,0.09918735874656025,0.09899344406670382,0.08037763480048725,0.06825796730946082,0.06069529479506033,0.05555655577886513,0.051872176861593094,0.04906041400367496,0.046830395185326106,0.0450851630666183,0.04363080296769513,0.04237035754862838,0.04140078414934627,0.04052816808999236,0.039849466710494885,0.03907380799106919,0.03849206395149992,0.03791031991193065,0.03752249055221781,0.037134661192504956,0.036746831832792114,0.03635900247307927,0.03597117311336643,0.03577725843351,0.03558334375365358
2.045739e-02,0.04207463766184733,0.04175467844008423,0.04175467844008423,0.041434719218321134,0.04111475999655804,0.04111475999655804,0.04079480077479493,0.04047484155303183,0.04015488233126874,0.039834923109505635,0.03951496388774254,0.039195004665979444,0.03887504544421635,0.038555086222453246,0.037915167778927054,0.03759520855716396,0.03695529011363776,0.03631537167011156,0.03567545322658537,0.03503553478305917,0.034075657117769886,0.03311577945248059,0.0318359425654282,0.03055610567837581,0.028956309569560322,0.027356513460744837,0.025116798908403154,0.02287708435606147,0.020637369803719788,0.02015743097107514,0.022717104745179923,0.031036044511020457,0.05071353664945096,0.0940680111983507,0.13854234302342125,0.1636591419318244,0.1636591419318244,0.15885975360537793,0.12670385181818664,0.108146216955927,0.09662768497245548,0.08862870442837804,0.08302941804752383,0.07870996855372199,0.07551037633609102,0.07263074334022314,0.07055100839876301,0.06863125306818442,0.06703145695936893,0.06575162007231654,0.06447178318526416,0.06351190551997486,0.06255202785468557,0.06191210941115938,0.060952231745870084,0.060312313302343885,0.05999235408058079,0.05935243563705459,0.0587125171935284,0.058392557971765305,0.0580725987500022
2.851637e-02,0.05820349115890529,0.05820349115890529,0.057757487395235514,0.057311483631565734,0.057311483631565734,0.05686547986789596,0.05641947610422621,0.05597347234055643,0.05552746857688665,0.05508146481321688,0.054635461049547106,0.054189457285877346,0.05374345352220757,0.0532974497585378,0.052405442231198245,0.05195943846752847,0.05106743094018894,0.05017542341284939,0.04928341588550984,0.047945404594500536,0.04660739330349121,0.04526938201248188,0.0434853669578028,0.04170135190312372,0.039471333084774844,0.03679531050275621,0.033450282275232925,0.02943624840220499,0.02475320888367236,0.02163118253798395,0.0227461919471584,0.03300427851156315,0.061325517504593696,0.1257730613548758,0.19111261273249747,0.22813092511708855,0.22813092511708855,0.21809584043451866,0.1737184659493763,0.14829625142019928,0.13268611969175728,0.12198202936368276,0.1143999653812966,0.10860191645358958,0.10414187881689184,0.10035084682569877,0.09722882048001036,0.0949988016616615,0.09276878284331264,0.09098476778863356,0.08942375461578934,0.08808574332478003,0.08674773203377073,0.08563272262459627,0.08451771321542186,0.08362570568808232,0.08317970192441253,0.082287694397073,0.08161868875156833,0.08094968310606368,0.08050367934239391
3.657534e-02,0.07465230387772635,0.07408025557214988,0.07408025557214988,0.07350820726657346,0.07293615896099699,0.07293615896099699,0.07236411065542056,0.07179206234984413,0.07122001404426766,0.07064796573869121,0.07007591743311477,0.06950386912753834,0.06864579666917366,0.06778772421080899,0.06721567590523252,0.06607157929407963,0.06492748268292677,0.06378338607177386,0.06263928946062096,0.06092314454389163,0.059493023779950485,0.057490854710432936,0.05520266148812712,0.05291446826582137,0.0497682025851509,0.04604988859890397,0.04175952630708064,0.03632506740410439,0.029746511889975243,0.02316795637584611,0.022595908070269656,0.03546699494573973,0.07350820726657346,0.1590294289502523,0.24426462648114292,0.29088656338562335,0.2926027083023527,0.2765853557462122,0.2210966701052968,0.18877594084022753,0.1690402742978401,0.1555971391167936,0.145872317921994,0.13843568994950017,0.13300123104652398,0.12813882044912414,0.124134482310089,0.12127424078220678,0.11841399925432455,0.11612580603201875,0.11412363696250119,0.11240749204577186,0.11097737128183072,0.10954725051788963,0.10840315390673672,0.10725905729558384,0.10611496068443094,0.10525688822606626,0.10439881576770159,0.10382676746212514,0.10268267085097227
4.463431e-02,0.09110111659654742,0.09040302374906428,0.08970493090158117,0.08970493090158117,0.08900683805409804,0.08830874520661491,0.08795969878287337,0.08761065235913179,0.08691255951164867,0.08621446666416553,0.08551637381668245,0.08446923454545772,0.08342209527423307,0.08272400242674995,0.0813278167317837,0.08062972388430056,0.07923353818933433,0.0778373524943681,0.0760921203756603,0.07434688825695246,0.07225260971450312,0.06980928474831219,0.06701691335837968,0.06387549554470565,0.06038503130729005,0.055847427798649735,0.05026268501878477,0.04328175654395355,0.03490464237415609,0.025131342509392373,0.022688017543201447,0.038744153035313256,0.08621446666416553,0.19302267232908318,0.298085645875293,0.35288593440271804,0.35707449148761683,0.33438647394441534,0.2684166998572603,0.2293235003982055,0.2052392971600378,0.18883411524418448,0.17731558326071298,0.16824037624343235,0.1616084941923427,0.15602375141247773,0.15148614790383746,0.14729759081893873,0.1445052194290062,0.14171284803907375,0.13892047664914126,0.1368261981066919,0.13508096598798408,0.13333573386927627,0.13193954817431003,0.13054336247934376,0.1294962232081191,0.12810003751315288,0.12740194466566973,0.12600575897070349,0.12530766612322036
5.269328e-02,0.10713786062067353,0.10672579192597863,0.10590165453658884,0.10590165453658884,0.10507751714719907,0.10425337975780927,0.10342924236841947,0.10301717367372457,0.10219303628433477,0.10136889889494495,0.1005447615055552,0.09930855542147049,0.09848441803208068,0.09766028064269089,0.09601200586391127,0.09477579977982661,0.093127525001047,0.09147925022226741,0.08941890674879294,0.08735856327531842,0.08488615110714902,0.08200167024428477,0.07911718938142047,0.07499650243447148,0.0708758154875225,0.06510685376179393,0.05851375464667554,0.05027238075277761,0.04038273208010003,0.02760860254455819,0.02266377820821942,0.04244307555357451,0.09972062411616538,0.22828605686097364,0.352318733964138,0.4141290381683728,0.42154627467288097,0.39187732865484826,0.3164687575256818,0.2699049950251583,0.2418843237859053,0.22251709513524506,0.20850675951561853,0.19820504214824608,0.190375736949043,0.18337056913922972,0.17842574480289095,0.17389298916124707,0.16977230221429812,0.1664757526567389,0.16400334048856952,0.1615309283204001,0.15905851615223074,0.15741024137345114,0.15534989789997664,0.15370162312119706,0.15246541703711236,0.15122921095302766,0.14999300486894296,0.14875679878485829,0.14793266139546848
6.075226e-02,0.12304856010289306,0.12304856010289306,0.12209837817159659,0.12162328720594835,0.12114819624030011,0.12019801430900365,0.11924783237770718,0.11829765044641072,0.11734746851511425,0.11639728658381779,0.11544710465252132,0.11449692272122484,0.11354674078992838,0.11212146789298369,0.11069619499603894,0.10879583113344597,0.10737055823650127,0.10499510340826011,0.10309473954566717,0.10071928471742601,0.0978687389235366,0.0945431021639989,0.09074237443881303,0.08646655574797893,0.08124055512584832,0.07506437257242125,0.06746291712204952,0.057961097809084774,0.045608732702230634,0.030405821801487088,0.02232927538546708,0.0465589146335271,0.11307164982428011,0.2636754859347709,0.4066778665948899,0.4746158746825876,0.4860180578581452,0.44896096253758283,0.36534495258349337,0.31023440056829804,0.277928214904218,0.25559893951875085,0.23992093765235914,0.22804366351115316,0.21901693516383672,0.211415479713465,0.20523929716003783,0.20001329653790723,0.19573747784707313,0.19193675012188727,0.18908620432799786,0.18623565853410848,0.183385112740219,0.18100965791197782,0.1791092940493849,0.17720893018679196,0.17578365728984727,0.17435838439290255,0.17293311149595786,0.17150783859901317,0.1705576566677167
6.881123e-02,0.13937132827980744,0.13937132827980744,0.13829510180660434,0.13721887533340119,0.13721887533340119,0.13614264886019797,0.1350664223869949,0.13399019591379174,0.13291396944058861,0.13183774296738546,0.13076151649418227,0.1296852900209792,0.128609063547776,0.12645661060136973,0.12538038412816654,0.12322793118176029,0.12107547823535396,0.11892302528894771,0.11677057234254139,0.11354189292293193,0.11031321350332252,0.10654642084711151,0.10224151495429892,0.09793660906148635,0.09147925022226744,0.08502189138304858,0.07587396636082182,0.06511170162879035,0.05112075747714948,0.033363020669297534,0.022600755937266088,0.05058264424054788,0.12753283707457286,0.30080529926027944,0.4617011570041498,0.5343464439453622,0.5504898410434094,0.5052883291688773,0.4143471921832114,0.35138794350082725,0.3147962434119203,0.28950492129164646,0.2712090712471929,0.25829435356875513,0.2480702020733253,0.23892227705109856,0.2319268049752781,0.2265456726092623,0.22170265347984816,0.2173977475870356,0.2136309549308246,0.20986416227461355,0.20771170932820732,0.20502114314519937,0.20286869019879308,0.20071623725238683,0.19856378430598054,0.19694944459617578,0.1953351048863711,0.19425887841316794,0.19318265193996478
7.687020e-02,0.15569409645672178,0.15569409645672178,0.154491825441612,0.1532895544265022,0.1532895544265022,0.15208728341139238,0.1508850123962826,0.1496827413811727,0.14848047036606293,0.1472781993509531,0.14607592833584332,0.14487365732073343,0.14307025079806876,0.14126684427540404,0.14006457326029415,0.13766003123007453,0.13525548919985483,0.13285094716963525,0.12984526963186066,0.12683959209408616,0.12323277904875667,0.1190248304958723,0.11421574643543302,0.10820439135988391,0.10219303628433483,0.09377713917856609,0.0841589710576875,0.07213626090658924,0.05650673771016156,0.03606813045329462,0.022242013779531687,0.055905602202606666,0.141266844275404,0.3384392907534146,0.5169765364972231,0.5933207459566967,0.6149616242286735,0.5614605640562865,0.46347547632483604,0.3925414864333566,0.3510631364120677,0.32341090306454184,0.3035734313152299,0.28794390811880216,0.27652233347525884,0.26690416535438033,0.25908940375616646,0.2530780486806174,0.24706669360506825,0.24225760954462897,0.23804966099174457,0.23444284794641512,0.2320383059161955,0.228431492870866,0.2260269508406464,0.2242235443179816,0.221819002287762,0.22001559576509724,0.21821218924243252,0.2170099182273227,0.21520651170465796
8.492918e-02,0.17201686463363625,0.17201686463363625,0.17068854907661973,0.16936023351960325,0.168696075741095,0.16803191796258674,0.16670360240557022,0.16537528684855368,0.16404697129153728,0.16271865573452077,0.16139034017750425,0.16006202462048777,0.158069551284963,0.15607707794943826,0.15408460461391355,0.15209213127838878,0.14943550016435578,0.14677886905032278,0.14345808015778155,0.1401372912652403,0.13615234459419084,0.13150324014463308,0.1261899779165671,0.11954840013148467,0.11290682234640212,0.10360861344728664,0.09298208899115475,0.0790347756424815,0.061766673401267055,0.03918530893198666,0.021917206690772215,0.06043835784425058,0.15541292017093,0.37591330263566824,0.5738323206311262,0.6522029384950995,0.6794334074139377,0.6170025762341623,0.5133939627868757,0.4336950293658859,0.3872039848703085,0.3566527270589292,0.33473552036815696,0.31813157590545077,0.30551257811379406,0.2948860536576621,0.2855878447585466,0.27894626697346414,0.2729688469668899,0.2676555847388239,0.26300648028926615,0.2590215336182167,0.2563649025041837,0.2523799558331343,0.24972332471910122,0.24706669360506822,0.24507422026954345,0.24308174693401877,0.241089273598494,0.2397609580414775,0.23776848470595274
9.298815e-02,0.18833963281055063,0.187612452761089,0.18688527271162741,0.18543091261270428,0.1847037325632427,0.18397655251378114,0.18252219241485793,0.1810678323159348,0.17961347221701157,0.17815911211808844,0.17670475201916525,0.1752503919202421,0.17306885177185735,0.17088731162347254,0.16870577147508786,0.16652423132670305,0.1636155111288567,0.16070679093101034,0.15707089068370247,0.15270781038693299,0.1483447300901634,0.14398164979339392,0.13816420939770124,0.1308924089030854,0.12289342835900795,0.1134400877160073,0.10107802687516038,0.0865344258859287,0.06762774459992749,0.04217644286877199,0.022542581533309135,0.06544620445154267,0.170160131574011,0.4144926281931036,0.6297379228337329,0.7097277282745074,0.7439051905992018,0.6719143657025048,0.5650188984316519,0.47484857229841526,0.42394596883610436,0.39049568656087136,0.36649874492863904,0.3475920636426378,0.3337756427028677,0.32214076191148233,0.3126874212684817,0.30541562077386586,0.29887100032871156,0.2930535599330189,0.28796329958678785,0.28360021929001833,0.27996431904271035,0.27632841879540243,0.2734196985975561,0.27051097839970983,0.268329438251325,0.26614789810294026,0.26396635795455553,0.26178481780617074,0.26033045770724755
1.010471e-01,0.20466240098746497,0.20387219866705006,0.20308199634663515,0.2015015917058053,0.20071138938539038,0.19992118706497547,0.19834078242414563,0.1967603777833158,0.19517997314248597,0.19359956850165608,0.19201916386082626,0.19043875921999642,0.1880681522587516,0.18569754529750684,0.18332693833626207,0.18016612905460236,0.1777955220933576,0.17384451049128302,0.17068370120962334,0.16594248728713373,0.1612012733646442,0.1564600594421547,0.15013844087883532,0.14223641767468612,0.13354419215012195,0.12327156198472797,0.10983812253767421,0.09403407612937585,0.07348881579858783,0.04504153226365063,0.022125664971617855,0.06953780419651324,0.18490734297709188,0.45357613191816565,0.6866858164405678,0.7672864531228899,0.8083769737844659,0.726986134781729,0.6163578099236396,0.5167923175513595,0.46068795280189995,0.42354844374239853,0.39747176716870614,0.3777167091583331,0.3627028650704496,0.3500596279438108,0.3405772000988317,0.3318849745742675,0.3247731536905333,0.3184515351272138,0.3129201188843094,0.3081789049618198,0.30422789335974526,0.30027688175767064,0.297116072476011,0.2939552631943513,0.29158465623310653,0.2892140492718617,0.2868434423106169,0.2844728353493722,0.2828924307085423
1.091061e-01,0.22098516916437935,0.22013194457301116,0.21927871998164286,0.21757227079890634,0.21671904620753804,0.2158658216161698,0.21415937243343322,0.21245292325069678,0.21074647406796024,0.20904002488522366,0.20733357570248723,0.20562712651975068,0.20306745274564592,0.20050777897154112,0.19794810519743633,0.19453520683196326,0.19112230846649023,0.18770941010101722,0.18429651173554415,0.1791771641873346,0.17405781663912503,0.16893846909091548,0.16211267235996943,0.1535804264462868,0.14419495594123588,0.13224981166208036,0.1185982182001881,0.10153372637282299,0.0784966624058799,0.048633801707990816,0.02218383937557481,0.07508376404040683,0.20050777897154112,0.49316381381085433,0.738039271533545,0.8242149552617393,0.8677294094215205,0.780700501101958,0.6697813042240842,0.5588621073462104,0.49828316135906386,0.4581816055647557,0.43002519404960304,0.4086945792653966,0.39163008743803135,0.37797849397613925,0.3677397988797201,0.3583543283746692,0.34982208246098667,0.34384951032140887,0.337876938181831,0.3327575906336215,0.32849146767678017,0.3242253447199388,0.32081244635446576,0.3173995479889928,0.3139866496235197,0.31228020044078325,0.30972052666667843,0.30716085289257367,0.3054544037098371
1.171651e-01,0.23730793734129382,0.23639169047897218,0.2354754436166506,0.23364294989200737,0.2327267030296858,0.2318104561673642,0.22997796244272098,0.22814546871807775,0.2263129749934346,0.22448048126879144,0.22264798754414822,0.2198992469571834,0.21806675323254018,0.21531801264557537,0.21256927205861065,0.20890428460932425,0.2052392971600379,0.2015743097107515,0.19790932226146504,0.1924118410875355,0.1869143599136059,0.18141687873967635,0.17317065697878195,0.1649244352178876,0.15484571973235003,0.14201826365984765,0.1273583138627021,0.10811712975394855,0.08337846447126537,0.05222607115233101,0.021989924695718296,0.07971347702197899,0.21440176578325387,0.5341719207334914,0.7879723015965738,0.8805132346910554,0.924493084082492,0.835617138437297,0.7247512680963837,0.601057941682968,0.5350881675958131,0.4920245650666979,0.4608721717477635,0.43796600018972365,0.42055730980561323,0.4058973600084677,0.3949023976606086,0.384823682175071,0.375661213551855,0.3692474855156038,0.36191751061703104,0.35733627630542303,0.3527550419938151,0.348173807682207,0.3445088202329206,0.3408438327836343,0.3371788453343479,0.3353463516097047,0.33259761102273994,0.3298488704357751,0.32801637671113193
1.252240e-01,0.2536307055182082,0.25265143638493326,0.2516721672516583,0.24971362898510843,0.24873435985183348,0.2467758215852836,0.24579655245200865,0.24383801418545878,0.24187947591890888,0.239920937652359,0.23796239938580918,0.23502459198598444,0.23306605371943453,0.2301282463196097,0.22719043891978488,0.2232733623866852,0.21935628585358546,0.2154392093204857,0.21152213278738594,0.20564651798773634,0.19977090318808674,0.19291601925516214,0.18508186618896275,0.17626844398948824,0.16549648352346402,0.15178671565761495,0.136118409525216,0.11555375772644233,0.08911349112801907,0.05385980233012146,0.022523190065323558,0.08519641459491929,0.23110751545288466,0.5748309812323867,0.8372751089500693,0.9361812914108377,0.9802484024082098,0.8891763730136409,0.7804774992201231,0.6433798205616323,0.571893173832562,0.5248882554353651,0.4935516431705672,0.468090645705419,0.44850526303992017,0.4338162260407962,0.421085727308222,0.4103137668421977,0.4015003446427232,0.39464546070979883,0.3868113076435994,0.38093569284394974,0.37701861631084993,0.37212227064447523,0.3682051941113754,0.36428811757827567,0.3603710410451761,0.35841250277862624,0.35449542624552655,0.35253688797897664,0.35057834971242674
1.332830e-01,0.2699534736951225,0.2689111822908942,0.267868890886666,0.2657843080782094,0.2647420166739811,0.26265743386552465,0.26161514246129636,0.2595305596528398,0.25744597684438325,0.25536139403592667,0.25327681122747014,0.2501499370147854,0.24806535420632875,0.24493847999364396,0.24181160578095917,0.2376424401640461,0.233473274547133,0.2293041089302199,0.2251349433133068,0.21888119488793725,0.21262744646256754,0.20533140663296964,0.19699307539914346,0.18657016135686072,0.176147247314578,0.16155516765538216,0.14487850518772988,0.12299038569893617,0.09484851778477275,0.05732602723255499,0.0218881194887937,0.08963706076363143,0.2470230628021005,0.6170365113031372,0.8859476935940315,0.9912191254210868,1.0360376558029027,0.9422314294223582,0.8390445804037592,0.6868700353864314,0.6086981800693111,0.5597104840705822,0.524272576326821,0.4982152912211142,0.478411754540777,0.46173509207312474,0.4481853038181571,0.436720098371646,0.42733947573359155,0.41900114449976533,0.41274739607439576,0.4054513562447979,0.4012821906278848,0.3960707336067435,0.3919015679898303,0.3877324023729173,0.3835632367560041,0.38147865394754765,0.37730948833063455,0.3752249055221781,0.37314032271372155
1.413420e-01,0.286276241872037,0.2851709281968553,0.28406561452167367,0.2818549871713104,0.2807496734961289,0.27853904614576563,0.277433732470584,0.27522310512022086,0.2730124777698576,0.27080185041949445,0.26859122306913114,0.2652752820435863,0.26306465469322315,0.25974871366767827,0.2564327726421335,0.2520115179414071,0.24759026324068065,0.24316900853995418,0.23874775383922775,0.23211587178813808,0.2254839897370484,0.2177467940107771,0.20890428460932425,0.19785114785750815,0.18679801110569205,0.17132361965314946,0.15253328717506215,0.13042701367142995,0.10058354444152645,0.060792252134988525,0.022106273503632205,0.09505697606561843,0.26306465469322315,0.6598722640834209,0.9328847418532785,1.0456267367218028,1.0920499110794304,0.9958876213386304,0.8997253315978303,0.7306123392950441,0.6466084999812416,0.5935534435725245,0.5559727786163496,0.5283399367368093,0.5073389769083588,0.4896539581054531,0.4752848803280922,0.4631264299010945,0.45317860682446,0.4443360974230071,0.43770421537191745,0.4299670196456462,0.4255457649449197,0.42001919656901165,0.41559794186828525,0.41117668716755884,0.4067554324668323,0.40454480511646923,0.40012355041574266,0.3979129230653795,0.39570229571501625
1.494010e-01,0.30259901004895123,0.3014306741028163,0.30026233815668135,0.29792566626441147,0.29675733031827645,0.2944206584260067,0.2932523224798717,0.2909156505876018,0.2885789786953318,0.286242306803062,0.2827372989646571,0.2804006270723872,0.27806395518011745,0.2733906113955776,0.2710539395033078,0.26638059571876793,0.2617072519342281,0.25703390814968835,0.2523605643651486,0.2453505486883389,0.23834053301152924,0.23016218138858452,0.220815493819505,0.20913213435815545,0.19628043895067107,0.18109207165091676,0.16123036056662274,0.13786364164392378,0.10515023515214525,0.06425847703742206,0.022198382976563975,0.09930855542147048,0.28040062707238733,0.703338239573238,0.9767288509688157,1.0994041253129851,1.146137563158383,1.0491656796291824,0.9638771555613312,0.7746067322874699,0.683476528488944,0.6273964030744664,0.5876729809058783,0.5584645822525047,0.5350978633298058,0.5175728241377816,0.5023844568380271,0.4895327614305428,0.4790177379153282,0.46967105034624873,0.462661034669439,0.4544826830464944,0.44980933926195454,0.44396765953127976,0.4392943157467401,0.43462097196220023,0.4299476281776604,0.4276109562853906,0.42293761250085077,0.4206009406085809,0.4182642687163111
1.574599e-01,0.31892177822586576,0.3176904200087775,0.31645906179168914,0.3139963453575125,0.3127649871404242,0.3103022707062477,0.30907091248915936,0.30660819605498285,0.3041454796208063,0.30168276318662973,0.29798868853536475,0.29552597210118825,0.29306325566701175,0.2881378227986586,0.28567510636448207,0.28074967349612884,0.2758242406277757,0.27089880775942266,0.2647420166739811,0.25858522558853975,0.25119707628600996,0.24257756876639203,0.2327267030296857,0.22041312085880288,0.2068681804708317,0.19086052364868414,0.16992743395818324,0.14530026961641765,0.11082223953794564,0.06772470193985566,0.02093308969050082,0.10589680666959245,0.29798868853536487,0.7474344377725886,1.022027320183276,1.1537826494117225,1.2005742616610773,1.1008342460769263,1.034340902354159,0.8176218561466209,0.7215759152137348,0.6612393625764088,0.619373183195407,0.5885892277681999,0.5639620634264342,0.5442603319530217,0.5294840333479622,0.5159390929599913,0.5048568690061966,0.4950060032694903,0.48761785396696067,0.4789983464473426,0.4740729135789895,0.46668476427645983,0.46175933140810665,0.4580652567568418,0.45313982388848867,0.45067710745431216,0.4457516745859589,0.4432889581517823,0.4408262417176058
1.655189e-01,0.33524454640278,0.33395016591473836,0.3326557854266967,0.3300670244506135,0.32877264396257183,0.32618388298648865,0.3235951220104054,0.32230074152236377,0.3197119805462805,0.3171232195701974,0.3132400781060725,0.3106513171299893,0.308062556153906,0.3028850342017395,0.3002962732256562,0.2951187512734898,0.28994122932132327,0.2847637073691568,0.2782918049289486,0.2718199024887405,0.2640536195604908,0.25499295614419953,0.2446379122398665,0.2316941073594503,0.2174559219909924,0.19933459515840982,0.17862450734974383,0.1514425171008697,0.11649424392374597,0.06989654635424757,0.022004468296707536,0.11131672197157953,0.3158288390821557,0.7934552391695141,1.0665695221462963,1.2063626148547915,1.249077170960165,1.1545873953331267,1.0898683709310455,0.86205740503572,0.7598013464804321,0.6963767025663925,0.6523677659729773,0.6187138732838953,0.5928262635230628,0.5734105562024384,0.5552892293698558,0.5423454244894396,0.530696000097065,0.5203409561927319,0.5125746732644821,0.5048083903362324,0.49833648789602436,0.4905702049677747,0.48539268301560823,0.48150954155148334,0.4763320195993168,0.4737432586232336,0.4685657366710671,0.46597697569498386,0.4633882147189006
1.735779e-01,0.3515673145796944,0.35020991182069944,0.3488525090617045,0.34613770354371454,0.34478030078471955,0.3420654952667297,0.3393506897487398,0.3379932869897448,0.3352784814717549,0.3325636759537649,0.3284914676767801,0.32577666215879014,0.3230618566408002,0.31763224560482045,0.3149174400868305,0.3094878290508507,0.3040582180148708,0.29862860697889104,0.29184159318391617,0.28505457938894146,0.27555276007597673,0.26740834352200704,0.2565491214500472,0.24297509386009775,0.22804366351115307,0.20904002488522375,0.18732158074130442,0.15881612280241011,0.12216624830954637,0.0732997489857278,0.021718444143919328,0.11537923451457147,0.3352784814717549,0.8402323078178797,1.1103554568578766,1.259669760347322,1.294962232081191,1.2067310527465187,1.1402183175557656,0.9081024457676277,0.7967954195300411,0.730282684339288,0.6827735877744644,0.6488385187995905,0.6230478663786863,0.6013294222347668,0.5836831863678325,0.5687517560188878,0.5565351311879332,0.5456759091159736,0.5375314925620038,0.529387076008034,0.5226000622130593,0.5144556456590894,0.5090260346231097,0.5049538263461247,0.49952421531014496,0.49545200703316006,0.49137979875617516,0.4886649932381853,0.4859501877201954
1.816369e-01,0.3678900827566087,0.36646965772666057,0.36504923269671224,0.3622083826368156,0.3607879576068674,0.3579471075469707,0.3551062574870742,0.35368583245712587,0.3508449823972292,0.34658370730738436,0.3437428572474877,0.3409020071875912,0.3380611571276946,0.33237945700790134,0.3295386069480047,0.32385690682821155,0.3181752067084184,0.3124935065886252,0.30539138143888367,0.2982892562891422,0.28834628107950416,0.2798237308998143,0.26846033066022806,0.25425608036074504,0.23863140503131378,0.21874545461203768,0.196018654132865,0.16618972850395058,0.12783825269534668,0.07670295161720797,0.021306375449224386,0.12073612754560517,0.3551062574870742,0.8877656437176854,1.1533851243180167,1.3110523026422776,1.340881228271192,1.2584965765341907,1.1903161750966724,0.9531051950953069,0.8352099176095984,0.7641886661121835,0.7158942150939415,0.6789631643152857,0.6505546637163198,0.6292482882670953,0.6107827628777674,0.5951580875483362,0.5823742622788015,0.5710108620392153,0.5624883118595254,0.5539657616798356,0.5454432115001459,0.5383410863504043,0.5326593862306112,0.5283981111407664,0.5227164110209731,0.5184551359311281,0.5141938608412834,0.5113530107813867,0.5085121607214902
1.896958e-01,0.3842128509335232,0.38272940363262165,0.37976250903081826,0.37827906172991665,0.3767956144290151,0.3738287198272119,0.3708618252254085,0.36937837792450684,0.3664114833227037,0.3619611414199987,0.3589942468181955,0.3560273522163921,0.35306045761458893,0.34712666841098233,0.34415977380917906,0.3382259846055725,0.33229219540196614,0.32635840619835954,0.3189411696938514,0.3115239331893431,0.30113980208303176,0.29223911827762183,0.28037153987040886,0.26553706686139245,0.24921914655147454,0.2284508843388516,0.20471572752442543,0.17356333420549117,0.13351025708114708,0.08010615424868828,0.02225170951352459,0.12609302057663904,0.37531216712811344,0.9375386941698328,1.195658524526717,1.3632880695286016,1.3855397790421264,1.309883966696143,1.2416453908546679,0.9998434808077014,0.8737504602310625,0.7980946478850792,0.7461739923535219,0.709087809830981,0.6794188638129484,0.6571671542994239,0.6378823393877027,0.6215644190777847,0.6082133933696701,0.5978292622633585,0.5874451311570471,0.5785444473516372,0.5696437635462275,0.5622265270417194,0.5562927378381128,0.5503589486345063,0.5459086067318013,0.5414582648290964,0.5370079229263915,0.5340410283245882,0.531074133722785
1.977548e-01,0.40053561911043767,0.3989891495385827,0.3958962103948726,0.39434974082301766,0.3928032712511627,0.3897103321074528,0.38661739296374287,0.383524453820033,0.3804315146763229,0.37733857553261296,0.37424563638890307,0.3711526972451932,0.3680597581014832,0.36187387981406327,0.3587809406703533,0.35259506238293353,0.34640918409551363,0.3402233058080936,0.3324909579488189,0.32321214051768904,0.31393332308655925,0.30465450565542934,0.29228274908058965,0.27681805336203996,0.25980688807163527,0.2381563140656657,0.21341280091598602,0.18093693990703155,0.1391822614669474,0.08350935688016844,0.021650574005969547,0.13299638317952747,0.39589621039487266,0.9881940564153266,1.238722127055832,1.4150196582472987,1.4289378843939937,1.3624396928042297,1.2913020924989012,1.0485063697176706,0.9124170473944331,0.8335470992298297,0.7794206642149055,0.7392124553466763,0.7082830639095767,0.6835395507598974,0.6649819158976377,0.6479707506072331,0.6340525244605383,0.6232272374575535,0.6108554808827137,0.6031231330234388,0.593844315592309,0.5861119677330342,0.5799260894456142,0.5737402111581944,0.5691008024426295,0.5644613937270645,0.5598219850114996,0.5567290458677897,0.5536361067240797
2.058138e-01,0.4168583872873519,0.4152488954445436,0.41202991175892695,0.41042041991611866,0.4088109280733103,0.4055919443876938,0.4023729607020772,0.39915397701646055,0.3959349933308439,0.3927160096452273,0.38949702595961067,0.3862780422739942,0.3830590585883776,0.3766210912171443,0.3734021075315277,0.36696414016029444,0.3605261727890612,0.35408820541782793,0.34604074620378644,0.33638379514693656,0.3267268440900867,0.3170698930332368,0.302584466447962,0.28809903986268715,0.2703946295917959,0.24786174379247963,0.2205003824647383,0.18831054560857205,0.14485426585274788,0.08691255951164861,0.020923393956508073,0.1368068066387063,0.4184678791301602,1.0397317304541673,1.281155506875414,1.4662470687983695,1.472685036169603,1.413133837985695,1.3423161969021296,1.0976734367952665,0.9512096790997105,0.8675161032736786,0.8111838887753877,0.7709465927051797,0.7387567558490137,0.7113953945212727,0.6920814924075729,0.6743770821366815,0.6598916555514066,0.6470157208089401,0.6357492779092819,0.6277018186952403,0.6180448676383905,0.609997408424349,0.6035594410531159,0.5971214736818826,0.5922929981534577,0.5874645226250327,0.5826360470966078,0.5794170634109912,0.5761980797253745
2.138727e-01,0.4331811554642664,0.4315086413505047,0.4281636131229814,0.4264910990092197,0.42481858489545804,0.42147355666793485,0.41812852844041154,0.4147835002128882,0.41143847198536493,0.4080934437578417,0.40474841553031843,0.40140338730279507,0.39805835907527176,0.39136830262022526,0.3880232743927019,0.3813332179376553,0.3746431614826088,0.3679531050275621,0.35959053445875394,0.3495554497761841,0.33952036509361416,0.32948528041104425,0.3144326533871894,0.2993800263633346,0.28098237111195656,0.2575671735192935,0.22913443358534552,0.19568415131011252,0.15052627023854806,0.09031576214312878,0.02174268347890139,0.14216369966973996,0.44488875426059776,1.0938242304001164,1.322958663985462,1.5169703011818132,1.5169703011818132,1.465122363655202,1.3915317426496896,1.1473446820404891,0.9901283553468945,0.903157621431289,0.8429471133358697,0.7994617463780669,0.7676839782165954,0.7409237523964092,0.7175085548037462,0.7007834136661297,0.6857307866422749,0.6723506737321817,0.6606430749358502,0.652280504367042,0.6422454196844721,0.6355553632294254,0.6271927926606173,0.6205027362055706,0.6171577079780475,0.6104676515230009,0.6054501091817159,0.6021050809541926,0.5987600527266693
2.219317e-01,0.4495039236411807,0.4477683872564658,0.44429731448703574,0.4425617781023208,0.44082624171760587,0.4373551689481758,0.4338840961787458,0.4304130234093159,0.4269419506398859,0.423470877870456,0.4199998051010259,0.41652873233159615,0.41305765956216606,0.40611551402330615,0.40264444125387605,0.3957022957150162,0.3887601501761563,0.38181800463729637,0.37314032271372144,0.3627271044054315,0.35231388609714165,0.3419006677888518,0.32628084032641685,0.308925476479267,0.29157011263211724,0.26727260324610747,0.23776848470595274,0.203057757011653,0.15619827462434854,0.09198342838989419,0.02256197300129471,0.14925612908548863,0.47206589664247556,1.1489250866813192,1.3641315983859772,1.5671893553976304,1.5585116734740552,1.5151232638561805,1.4422307356981512,1.1975201054533386,1.0291730761359852,0.937189647746091,0.8764458742810665,0.8295863918937622,0.7948756641994624,0.7688426184287376,0.7445451090427279,0.7271897451955781,0.7115699177331432,0.6976856266554234,0.6855368719624184,0.6751236536541286,0.6664459717305536,0.6595038261916937,0.6508261442681188,0.6438839987292588,0.6404129259598288,0.6334707804209689,0.6282641712668241,0.6247930984973941,0.6213220257279641
2.299907e-01,0.4658266918180952,0.46402813316242697,0.46043101585109014,0.45863245719542184,0.4568338985397536,0.45323678122841693,0.4496396639170802,0.4460425466057437,0.4424454292944069,0.43884831198307034,0.4352511946717337,0.431654077360397,0.42805696004906046,0.42086272542638714,0.4154670494593822,0.4100713734923772,0.4028771388697039,0.39388434559136226,0.38669011096868905,0.375898759034679,0.36510740710066913,0.352517496510991,0.3381290272656444,0.32014344070896117,0.30215785415227797,0.2769780329729215,0.24640253582655997,0.2104313627131935,0.16187027901014886,0.095323608750421,0.02158270386801977,0.15467604438747565,0.5017978649314615,1.2050342992977752,1.4064728687326271,1.6169042314458206,1.6007172035448058,1.5665445890871077,1.4928036842047065,1.2517968243451516,1.0701424001226512,0.9730202327165616,0.9082721211125021,0.8615095960651259,0.8237398642960911,0.7967614844610661,0.7733802219373781,0.7535960767250265,0.7374090488240116,0.723020579578665,0.7104306689889868,0.6996393170549768,0.6906465237766353,0.6834522891539621,0.6744594958756205,0.667265261252947,0.6636681439416106,0.6564739093189372,0.6510782333519324,0.6474811160405956,0.6438839987292589
2.380497e-01,0.4821494599950096,0.480287879068388,0.47656471721514454,0.47470313628852295,0.4728415553619013,0.46911839350865786,0.46539523165541463,0.46167206980217135,0.45794890794892795,0.45422574609568467,0.4505025842424413,0.446779422389198,0.44305626053595476,0.4356099368294681,0.43002519404960304,0.4244404512697381,0.4169941275632515,0.40768622293014317,0.4002398992236565,0.38907041366392653,0.3779009281041966,0.36486986161784507,0.3499772142048719,0.33136140493865524,0.310884014745817,0.28482188177311385,0.2550365869471672,0.21594338748811234,0.16754228339594934,0.09866378911094778,0.02047739019283824,0.15823437876284088,0.5379968877936593,1.2453976399098896,1.4464483799850285,1.656807024693276,1.640052796353681,1.6177138252342211,1.5413890072427332,1.3068298104884042,1.1095022322665085,1.0071152813023172,0.9400983679439375,0.8916972638517744,0.8544656453193412,0.8228187695667728,0.8004797984473133,0.7800024082544751,0.7613865989882583,0.7483555325019067,0.735324466015555,0.724154980455825,0.7148470758227168,0.7074007521162302,0.6980928474831218,0.6906465237766353,0.686923361923392,0.6794770382169053,0.6738922954370403,0.670169133583797,0.664584390803932
2.461086e-01,0.4984722281719238,0.49654762497434884,0.4926984185791988,0.49077381538162385,0.48884921218404886,0.48500000578889885,0.48115079939374883,0.47730159299859887,0.47345238660344885,0.4696031802082989,0.46575397381314887,0.46190476741799885,0.4580555610228489,0.4503571482325489,0.4445833386398239,0.4388095290470989,0.43111111625679893,0.4214881002689241,0.4137896874786242,0.40224206829317427,0.3906944491077243,0.3772222267246993,0.3618254011440993,0.3425793691683493,0.32140873399502434,0.29638889242654937,0.2636706380677744,0.22325397091869945,0.1732142877817495,0.10200396947147489,0.021170635173324976,0.16551587499144965,0.5793055624700737,1.2837103327825221,1.4877182717254718,1.6917262106684212,1.6801785914829717,1.6686309722975212,1.5916468443945213,1.3645436670806719,1.1489881089522724,1.0431349330856479,0.971924614775373,0.9199603284408481,0.8833928676869232,0.8506746133281481,0.8275793749572482,0.8064087397839231,0.7871627078081732,0.7736904854251482,0.7602182630421233,0.7486706438566733,0.7390476278687983,0.7313492150784983,0.7217261990906233,0.7140277863003233,0.7101785799051733,0.7024801671148736,0.6967063575221486,0.6928571511269986,0.6870833415342736
2.541676e-01,0.5147949963488384,0.51280737088031,0.5088321199432533,0.5068444944747249,0.5048568690061965,0.50088161806914,0.49690636713208325,0.49293111619502666,0.4889558652579699,0.4849806143209132,0.48100536338385663,0.4770301124467999,0.4730548615097433,0.46510435963563,0.4591414832300449,0.45317860682446,0.44522810495034665,0.435289977607705,0.42733947573359166,0.4154137229224216,0.4034879701112516,0.38957459183155335,0.37367358808332674,0.35578495886657174,0.3319334532442317,0.30609432215336324,0.27429231465691,0.23056455434928655,0.17888629216754998,0.10534414983200169,0.021863880153811712,0.17093579029343667,0.6400154008661233,1.3237585620398697,1.528483985298288,1.7292341576196497,1.7192960302770082,1.7192960302770082,1.6417786370044032,1.425127460934815,1.1905876556484716,1.0772930039423565,1.0057384870753368,0.9520725994250717,0.9103324645859766,0.8805180825580515,0.8546789514671833,0.8328150713133715,0.8149264420966167,0.7990254383483899,0.7851120600686915,0.7731863072575216,0.7632481799148799,0.7552976780407666,0.7453595506981248,0.7374090488240116,0.7334337978869551,0.7254832960128416,0.7195204196072567,0.7155451686701999,0.7095822922646148
2.622266e-01,0.5311177645257528,0.529067116786271,0.5249658213073077,0.522915173567826,0.5208645258283444,0.516763230349381,0.5126619348704178,0.5085606393914543,0.504459343912491,0.5003580484335277,0.49625675295456423,0.4921554574756011,0.4860035142571559,0.47985157103871096,0.4736996278202659,0.4675476846018209,0.45934509364389425,0.4490918549464859,0.44088926398855927,0.42858537755166914,0.4162814911147791,0.4019269569384074,0.38552177502255414,0.36706594536721915,0.342458172493439,0.3157997518801774,0.28298938804847057,0.23787513777987382,0.1845582965533503,0.10868433019252847,0.022557125134298448,0.17635570559542368,0.9063863008508984,1.3616300990158294,1.5687455207034782,1.763557055954237,1.7574051127357921,1.769708999172682,1.689733737332897,1.4908209066031748,1.232439291428484,1.113501722538547,1.0376277561777254,0.9822602672117201,0.9412473124220869,0.9084369485903802,0.8817785279771182,0.8592214028428199,0.8407655731874849,0.8243603912716317,0.8100058570952599,0.7977019706583699,0.7874487319609614,0.7792461410030349,0.7710435500451082,0.7628409590871816,0.7546383681292548,0.7484864249108097,0.7443851294318464,0.7382331862134015,0.7320812429949565
2.702856e-01,0.5474405327026672,0.5453268626922322,0.541099522671362,0.538985852660927,0.5368721826504921,0.5326448426296221,0.528417502608752,0.5241901625878821,0.5199628225670119,0.515735482546142,0.511508142525272,0.5072808025044019,0.500939792473097,0.49459878244179195,0.4882577724104868,0.48191676237918196,0.47346208233744186,0.4628937322852668,0.4544390522435267,0.4417570321809167,0.42907501211830673,0.41427932204526163,0.3973699619617814,0.3783469318678663,0.3529828917426463,0.3255051816069912,0.2916864614400312,0.24518572121046095,0.18811663092871567,0.11202451055305543,0.021136700104350085,0.18177562089741067,0.9574925147270589,1.3992495469079753,1.6106165479514762,1.798733178880192,1.796619508869757,1.819869878984542,1.7395504185880117,1.5598884677010363,1.27454301629231,1.1498364856766445,1.0695170252801143,1.0145616050088038,0.9701745347896689,0.9363558146227088,0.9067644344766183,0.8856277343722685,0.8666047042783533,0.8496953441948734,0.8370133241322634,0.8222176340592182,0.8116492840070431,0.8031946039653032,0.7947399239235629,0.7862852438818231,0.7778305638400831,0.771489553808778,0.7672622137879079,0.758807533746168,0.7545801937252978
2.783445e-01,0.5637633008795815,0.5615866085981931,0.5572332240354165,0.5550565317540282,0.5528798394726397,0.5485264549098633,0.5441730703470864,0.5398196857843096,0.5354663012215332,0.5311129166587564,0.5267595320959798,0.5224061475332029,0.515876070689038,0.5093459938448729,0.5028159170007079,0.49410914787515453,0.4854023787496013,0.4766956096240477,0.4679888404984943,0.45492868681016424,0.4418685331218342,0.4266316871521157,0.40921814890100905,0.389627918368514,0.36350761099185364,0.33521061133380525,0.3003835348315916,0.2546729969224364,0.19372561304356278,0.11536469091358237,0.01959023053249514,0.1871955361993977,1.0099852185641924,1.4387935979976962,1.6499327492923659,1.832774900928987,1.8349515932103753,1.869778669712589,1.7892410553012204,1.6434026724482012,1.3168988302399491,1.18412060107526,1.103582986663891,1.0426356027850174,0.9991017571572507,0.9642746806550373,0.9359776809969886,0.912034065901717,0.8924438353692217,0.8750302971181149,0.861970143429785,0.8467332974600666,0.8358498360531249,0.8271430669275713,0.8184362978020179,0.8097295286764646,0.8010227595509112,0.7944926827067461,0.7901392981439697,0.781432529018416,0.7770791444556394
2.864035e-01,0.5800860690564957,0.5778463545041542,0.5733669253994708,0.571127210847129,0.5688874962947875,0.564408067190104,0.5599286380854208,0.5554492089807372,0.550969779876054,0.5464903507713705,0.5420109216666873,0.5375314925620038,0.5308123489049787,0.5240932052479539,0.5173740615909288,0.5084152033815621,0.49945634517219534,0.49049748696282863,0.4815386287534619,0.46810034143941165,0.4546620541253617,0.4389840522589699,0.4210663358402363,0.40090890486916114,0.374032330241061,0.3449160410606191,0.3068408936708105,0.26204660262397683,0.19933459515840973,0.12094458582645086,0.02015743097107514,0.19485516605372638,1.0593849832576159,1.4759718899931689,1.6909844870179704,1.8656822221006217,1.8724013657576466,1.919435371356822,1.8388056474725214,1.7469773508265123,1.3572670187190596,1.220644431026217,1.1355352780372332,1.0750629851240079,1.030268694077174,0.9921935466873655,0.9630772575069234,0.9384403974311651,0.9182829664600898,0.9026049645936982,0.8869269627273063,0.8712489608609146,0.8600503880992062,0.8510915298898395,0.8421326716804728,0.8331738134711061,0.8242149552617393,0.8174958116047141,0.8130163825000309,0.8040575242906641,0.7995780951859807
2.944625e-01,0.5964088372334103,0.5941061004101154,0.5895006267635251,0.5871978899402301,0.5848951531169352,0.5802896794703449,0.575684205823755,0.5710787321771649,0.566473258530575,0.561867784883985,0.5572623112373948,0.5526568375908049,0.5457486271209198,0.5388404166510348,0.5319322061811497,0.5227212588879696,0.5135103115947894,0.5042993643016093,0.4950884170084295,0.481271996068659,0.467455575128889,0.45133641736582397,0.43291452277946374,0.4121898913698086,0.3845570494902685,0.3546214707874331,0.31547494479141774,0.26942020832551733,0.20494357727325685,0.12434778845793101,0.020724631409655143,0.20033810362666674,1.1145246224747898,1.5152008297281234,1.7316580911178552,1.8997578792183916,1.9089688265115718,1.959629036624062,1.8882441951019164,1.828373037696246,1.4023667253866672,1.257294305519081,1.1674875694105753,1.1053136751816097,1.0592589387157092,1.0201124127196939,0.9901768340168586,0.9648467289606133,0.9441220975509582,0.925700202964598,0.9095810452015329,0.8957646242617628,0.8865536769685827,0.8727372560288125,0.8658290455589276,0.8566180982657474,0.8474071509725674,0.8404989405026824,0.8358934668560921,0.8266825195629124,0.8220770459163221
3.025214e-01,0.6127316054103247,0.6103658463160762,0.6056343281275794,0.6032685690333311,0.6009028099390828,0.5961712917505859,0.5914397735620894,0.5867082553735927,0.581976737185096,0.5772452189965992,0.5725137008081025,0.5677821826196058,0.5606849053368608,0.5535876280541158,0.5464903507713705,0.5370273143943773,0.5275642780173838,0.5181012416403902,0.5086382052633969,0.4944436506979067,0.4826148552266649,0.4636887824726782,0.44476270971869103,0.423470877870456,0.39508176873947565,0.3643269005142471,0.3241089959120249,0.2767938140270578,0.2105525593881038,0.12775099108941132,0.021291831848235146,0.20818680029385553,1.1710507516529371,1.5519379658269228,1.7695878024977716,1.9304594209066597,1.94465397547215,1.9990664346398619,1.9351909390951563,1.8760469617389475,1.4454788065857465,1.2940702245538516,1.2018056198781655,1.1355643652392116,1.085883424259996,1.0480312787520223,1.0172764105267937,0.9936188195843103,0.9699612286418267,0.9510351558878397,0.9344748422281011,0.9226460467568595,0.9108172512856175,0.8966226967201274,0.8895254194373824,0.8800623830603889,0.8705993466833956,0.8635020694006503,0.8587705512121537,0.8493075148351604,0.8445759966466635
3.105804e-01,0.629054373587239,0.6266255922220374,0.621768029491634,0.6193392481264324,0.6169104667612304,0.612052904030827,0.6071953413004237,0.6023377785700205,0.5974802158396171,0.5926226531092135,0.5877650903788101,0.5829075276484068,0.5756211835528018,0.5683348394571965,0.5610484953615915,0.5513333699007849,0.541618244439978,0.5319031189791713,0.5221879935183643,0.5076153053271544,0.4954713985011458,0.47604114757953214,0.4566108966579186,0.4347518643711033,0.40560648798868293,0.37403233024106114,0.3327430470326323,0.2817386383633968,0.21616154150295092,0.1287254123556897,0.0218590322868153,0.21130397877254764,1.2289633707920575,1.5908517942071103,1.809442117075263,1.960026561717768,1.9794568126393814,2.040176346769424,1.9843143753697847,1.9235948412397426,1.4912717582338406,1.330972188130529,1.233820933522461,1.1658150552968136,1.1148106466275782,1.075950144784351,1.044375987036729,1.0176593920195105,0.995800359732695,0.9763701088110813,0.9593686392546694,0.9472247324286611,0.9326520442374507,0.9205081374114424,0.9107930119506358,0.9035066678550304,0.8937915423942239,0.8865051982986188,0.8816476355682153,0.8719325101074086,0.8670749473770051
3.186394e-01,0.6453771417641533,0.6428853381279983,0.6379017308556881,0.6354099272195332,0.6329181235833782,0.6279345163110681,0.6229509090387582,0.6179673017664481,0.6129836944941377,0.6080000872218277,0.6030164799495177,0.5980328726772077,0.5905574617687427,0.5830820508602775,0.5756066399518125,0.5656394254071921,0.5556722108625721,0.5457049963179521,0.535737781773332,0.5207869599564017,0.5058361381394715,0.48839351268638637,0.4684590835971459,0.4460328508717509,0.4186230108740454,0.38373775996787485,0.34137709815323924,0.2890492217939836,0.22177052361779787,0.13206559271621665,0.0224262327253953,0.21927871998164272,1.2907542835283066,1.6271477744092362,1.8489182980270338,1.985967498015561,2.015869141649421,2.0756724289171418,2.0333117671025063,1.9735084798347853,1.537442843507655,1.3655083926129574,1.2658362471667564,1.1960657453544155,1.1462296726313148,1.1063608144528343,1.071475563546664,1.0440657235489583,1.021639490823563,1.0017050617343228,0.9842624362812377,0.9718034181004626,0.9568525962835325,0.944393578102757,0.9344263635581369,0.926950952649672,0.916983738105052,0.9095083271965868,0.9045247199242767,0.8945575053796565,0.8895738981073463
3.266984e-01,0.6616999099410679,0.6591450840339594,0.6540354322197427,0.6514806063126344,0.648925780405526,0.6438161285913093,0.6387064767770926,0.6335968249628758,0.6284871731486591,0.6233775213344424,0.6182678695202256,0.6131582177060089,0.6054937399846838,0.5978292622633586,0.5901647845420336,0.5799454809135998,0.5697261772851663,0.5595068736567329,0.5492875700282994,0.5365134404927575,0.518629659142999,0.5007458777932404,0.4777524446292651,0.45731383737239817,0.42921075239420614,0.39344318969468883,0.3500111492738466,0.2963598052245709,0.22993433163975335,0.13540577307674376,0.022993433163975303,0.2248246798255366,1.3515029048603273,1.6657464914346571,1.8905711712601936,2.0157576407085034,2.0515252034080214,2.112841025178622,2.082183114293321,2.0208672925227207,1.5839920624071895,1.4051542489096038,1.3004063867181603,1.2288712613191257,1.1752199172698499,1.1343427027561162,1.1011299659637073,1.0704720550784068,1.0474786219144316,1.0270400146575647,1.0091562333078061,0.9963821037722641,0.9810531483296139,0.9682790187940721,0.9580597151656386,0.9503952374443134,0.94017593381588,0.9325114560945549,0.9248469783732298,0.9171825006519047,0.912072848837688
3.347573e-01,0.6780226781179821,0.6754048299399203,0.6701691335837971,0.6675512854057354,0.6649334372276737,0.6596977408715502,0.6544620445154268,0.6492263481593035,0.6439906518031799,0.6387549554470565,0.6335192590909331,0.6282835627348096,0.6204300182006244,0.6125764736664396,0.6047229291322544,0.5942515364200075,0.5837801437077607,0.5733087509955137,0.5602195101052054,0.5497481173929586,0.5314231801465265,0.5130982429000944,0.4895376092975393,0.4659769756949837,0.4397984939143668,0.4005307712434411,0.3586452003944538,0.303670388655158,0.2356063360255535,0.13874595343727056,0.02094278542449357,0.23298848784749193,1.421491560687507,1.7042191639181714,1.9293541072314782,2.0419215788881315,2.083807149737119,2.1518712023667232,2.1309284169422296,2.0681000606687485,1.6309194149324435,1.439816497933939,1.3351025708114708,1.2591849736476812,1.2042101619083851,1.162324591059398,1.125674716566534,1.0968783866078553,1.0733177530053,1.052374967580806,1.0340500303343745,1.0209607894440658,1.0052537003756956,0.992164459485387,0.98169306677314,0.9738395222389549,0.9633681295267084,0.9555145849925232,0.947661040458338,0.9398074959241528,0.9345717995680295
3.428163e-01,0.6916645758458815,0.6916645758458815,0.6863028349478515,0.6809410940498213,0.6809410940498213,0.6755793531517914,0.6702176122537613,0.6648558713557311,0.659494130457701,0.6541323895596708,0.6487706486616409,0.6434089077636109,0.6353662964165656,0.6273236850695204,0.6192810737224754,0.6085575919264152,0.5978341101303549,0.5871106283342948,0.5737062760892194,0.5629827942931596,0.5442167011500539,0.5254506080069486,0.5040036444148285,0.4771949399246781,0.44770536498551244,0.41017317869930175,0.3672792515150612,0.31098097208574527,0.241278340411354,0.1420861337977975,0.018766093143105105,0.2385974699623392,1.490563969652365,1.742565791859779,1.9677589095770427,2.0669511161906,2.1205685251709006,2.1875902863962766,2.1795476750492315,2.1178876547218852,1.680905771532433,1.4798404878563045,1.3672439289976728,1.2921795564252514,1.2332004065469206,1.1876256089136648,1.1527742930764693,1.1232847181373038,1.099156884096168,1.077709920504048,1.0589438273609428,1.0455394751158675,1.0294542524217773,1.016049900176702,1.0053264183806416,0.9972838070335969,0.9865603252375365,0.9785177138904914,0.970475102543446,0.9624324911964012,0.957070750298371
3.508753e-01,0.7079243217518424,0.7079243217518424,0.7024365363119058,0.696948750871969,0.696948750871969,0.6914609654320322,0.6859731799920954,0.6804853945521587,0.674997609112222,0.6695098236722851,0.6640220382323485,0.6585342527924117,0.6503025746325064,0.6420708964726014,0.6338392183126962,0.6228636474328227,0.611888076552949,0.6009125056730755,0.5871930420732336,0.5762174711933601,0.5570102221535815,0.5378029731138028,0.5158518313540558,0.48841290415437183,0.4582300842347197,0.4198155861551624,0.37591330263566824,0.3182915555163321,0.2469503447971543,0.14542631415832416,0.019207249039778676,0.24695034479715447,1.5640188503819779,1.7780424825395114,2.0085294710168555,2.093590145335875,2.151211892455211,2.225296995894358,2.228040888614326,2.164931356055053,1.731396306300049,1.517372674142515,1.3993852871838748,1.3198123983047916,1.2621906511854557,1.2182883676659615,1.1798738695864042,1.1496910496667518,1.1249960151870366,1.1030448734272893,1.0838376243875107,1.0673742680677005,1.0536548044678586,1.0399353408680168,1.0289597699881432,1.020728091828238,1.0097525209483647,1.0015208427884592,0.9932891646285543,0.9850574864686491,0.9795697010287123
3.589343e-01,0.7241840676578037,0.7241840676578037,0.7185702376759602,0.712956407694117,0.712956407694117,0.7073425777122733,0.7017287477304298,0.6961149177485866,0.690501087766743,0.6848872577848993,0.6792734278030561,0.6736595978212127,0.6652388528484475,0.6568181078756822,0.6483973629029172,0.6371697029392304,0.6259420429755436,0.6147143830118564,0.6006798080572481,0.5866452331026395,0.569803743157109,0.550155338220657,0.5277000182932832,0.49963086838406606,0.46875480348392706,0.42945799361102305,0.38454735375627563,0.32560213894691936,0.24981543419203311,0.1487664945188511,0.019648404936451945,0.24981543419203295,1.6392383546982843,1.8160739991263521,2.0462410283819334,2.1164139031549767,2.1865867779280195,2.259566567691984,2.2764080576375143,2.211849012846315,1.7851979342262134,1.5550309049706326,1.4343335603609988,1.3529330256242686,1.291180895823991,1.2462702559692433,1.2069734460963393,1.1789042961871223,1.150835146277905,1.1283798263505311,1.108731421414079,1.091889931468549,1.0778553565139402,1.0638207815593317,1.0525931215956448,1.0441723766228794,1.0329447166591927,1.0245239716864274,1.0161032267136623,1.0076824817408974,1.0020686517590538
3.669932e-01,0.7404438135637645,0.7404438135637645,0.7347039390400143,0.7289640645162644,0.7289640645162644,0.7232241899925141,0.7174843154687641,0.7117444409450139,0.706004566421264,0.7002646918975137,0.6945248173737637,0.6887849428500135,0.6801751310643883,0.6715653192787633,0.6629555074931381,0.651475758445638,0.6428659466600128,0.6285162603506373,0.614166574041262,0.5998168877318869,0.5825972641606364,0.559637766065636,0.5395482052325107,0.51084883261376,0.4792795227331344,0.4391004010668837,0.39318140487688286,0.33291272237750663,0.25542441630688023,0.1521066748793779,0.020089560833125512,0.25829435356875496,1.684653172720658,1.8539794711712863,2.074964640335666,2.143843134620667,2.2184615034294186,2.2959498095000455,2.324649182118796,2.2615105623575444,1.8367598476000362,1.5928151803406563,1.466537940818154,1.3833097602237774,1.323041077724401,1.2742521442725252,1.2369429598681492,1.2053736499875236,1.1766742773687733,1.1565847165356478,1.1364951557025222,1.1164055948693967,1.1020559085600214,1.0877062222506462,1.0762264732031461,1.067616661417521,1.0561369123700208,1.0475271005843956,1.0389172887987703,1.0303074770131453,1.024567602489395
3.750522e-01,0.7567035594697259,0.7567035594697259,0.7508376404040689,0.7449717213384122,0.7449717213384122,0.7391058022727552,0.7332398832070985,0.7273739641414415,0.721508045075785,0.7156421260101283,0.7097762069444713,0.7039102878788146,0.6951114092803294,0.6892454902146724,0.6775136520833592,0.6657818139520455,0.6569829353535602,0.6452510972222467,0.6276533400252764,0.6129885423611344,0.5953907851641639,0.5748600684343653,0.5513963921717381,0.5220667968434541,0.48980424198234174,0.44874280852274445,0.4018154559974901,0.34022330580809385,0.261033398421727,0.15544685523990515,0.02053071672979878,0.2668993174873839,1.7187142862374387,1.8917588986743141,2.0941331064394735,2.167457094760183,2.252512921212207,2.328769869065745,2.372764262058171,2.308239152335946,1.8946918582071426,1.6336584597854156,1.5016752808081377,1.4166194543561141,1.3520943446338898,1.302234032575807,1.2641055586490377,1.2318430037879256,1.2025134084596418,1.1819826917298426,1.161451975000044,1.1409212582702455,1.1262564606061034,1.1115916629419613,1.0998598248106477,1.088127986679334,1.079329108080849,1.070530229482364,1.0617313508838788,1.0529324722853932,1.0470665532197367
3.831112e-01,0.7729633053756867,0.7729633053756867,0.7669713417681234,0.7609793781605597,0.7609793781605597,0.7549874145529963,0.7489954509454331,0.7430034873378694,0.7370115237303059,0.7310195601227426,0.7250275965151789,0.716039651103834,0.7100476874962703,0.7040557238887069,0.6920717966735802,0.6800878694584532,0.6710999240471078,0.6591159968319812,0.6411401060092907,0.6261601969903821,0.6081843061676917,0.5872124335412193,0.5632445791109655,0.5332847610731484,0.5003289612315494,0.46138119778238657,0.41044950711809713,0.34753388923868084,0.2666423805365743,0.15878703560043178,0.02097187262647205,0.27263434414413756,1.7556453370160945,1.929412281635435,2.1181591352736837,2.1930586803682277,2.2859341162854614,2.363829643183786,2.420753297455639,2.354841697772441,1.9533801360656888,1.671757846510206,1.5369386653400285,1.4440632294227946,1.3811476115433785,1.3332119026828706,1.2912681574299265,1.2553163757845456,1.2283525395505102,1.207380666924038,1.1864087942975656,1.1654369216710936,1.1504570126521851,1.1384730854370582,1.1234931764181493,1.1115092492030225,1.1025213037916772,1.0935333583803322,1.0845454129689867,1.0785534493614235,1.0695655039500782
3.911701e-01,0.7892230512816477,0.7892230512816477,0.7831050431321777,0.7769870349827076,0.7769870349827076,0.7708690268332375,0.7647510186837675,0.7586330105342971,0.7525150023848269,0.746396994235357,0.7402789860858868,0.7311019738616815,0.7249839657122114,0.7188659575627414,0.7066299412638009,0.6943939249648607,0.6852169127406554,0.6729808964417152,0.6546268719933048,0.6393318516196297,0.6209778271712191,0.5995647986480735,0.5750927660501929,0.5445027253028423,0.5108536804807566,0.4710866275092006,0.4190835582387045,0.3579034767440031,0.27225136265142125,0.16212721596095875,0.021413028523145618,0.2814283748756262,1.7895173837200151,1.9669396200546496,2.1413028523145488,2.217777954182925,2.3156660845744477,2.398259194592294,2.468616288311201,2.4043772027417645,2.022001693399881,1.7130422818516386,1.5723280944138256,1.4774989680970383,1.410200878452867,1.361256813257106,1.3184307562108148,1.281722707313994,1.2572506747161136,1.229719638043498,1.2113656135950874,1.1899525850719421,1.1746575646982667,1.1624215483993265,1.147126528025651,1.134890511726711,1.1257134995025058,1.1195954913530353,1.1073594750540952,1.101241466904625,1.0920644546804197
3.992291e-01,0.805482797187609,0.805482797187609,0.7992387444962322,0.7929946918048555,0.7929946918048555,0.7867506391134788,0.780506586422102,0.7742625337307248,0.768018481039348,0.7617744283479713,0.7555303756565944,0.7461642966195293,0.7399202439281526,0.7336761912367755,0.7211880858540219,0.7086999804712685,0.6993339014342032,0.6868457960514497,0.668113637977319,0.6525035062488772,0.6337713481747466,0.6119171637549278,0.5869409529894204,0.5557206895325365,0.521378399729964,0.4807920572360146,0.42771760935931175,0.3621550560998554,0.2778603447662682,0.1654673963214857,0.021854184419818585,0.29034845014902194,1.8263854122277177,2.0043409139319572,2.1604422312163774,2.241614916204276,2.344641785611994,2.432058523291269,2.516353234624856,2.4507906813653997,2.091757651611233,1.751456779931196,1.6047215416838412,1.5079387249675005,1.4392541453623555,1.3861796974856526,1.342471328646015,1.3081290388434423,1.2831528280779354,1.2550545909667394,1.236322432892609,1.2144682484727904,1.1988581167443484,1.1863700113615945,1.1707598796331526,1.158271774250399,1.1489056952133339,1.1395396161762683,1.1301735371392032,1.1239294844478265,1.1145634054107614
4.072881e-01,0.82174254309357,0.82174254309357,0.8153724458602865,0.8090023486270028,0.8090023486270028,0.8026322513937194,0.7962621541604359,0.7898920569271525,0.783521959693869,0.7771518624605855,0.770781765227302,0.7612266193773768,0.7548565221440934,0.7484864249108099,0.7357462304442429,0.723006035977676,0.7134508901277508,0.7007106956611838,0.6816004039613334,0.6656751608781246,0.6465648691782742,0.6242695288617817,0.5987891399286478,0.5669386537622304,0.5319031189791712,0.49049748696282863,0.4363516604799191,0.3694656395304423,0.28346932688111515,0.16880757668201263,0.022295340316492156,0.29302447273104065,1.8600683921187784,2.0416161632673577,2.1849433510162366,2.2645695664322796,2.376046268014741,2.46522762928071,2.5671491850132457,2.4970781154471275,2.1753882051663114,1.78999732255266,1.6403000375704981,1.541563530454604,1.4714924608884858,1.4141615857889343,1.3727559537725917,1.3377204189895324,1.3090549814397567,1.280389543889981,1.2612792521901306,1.2389839118736385,1.22305866879043,1.2103184743238629,1.1943932312406542,1.1816530367740872,1.172097890924162,1.1625427450742367,1.1529875992243115,1.146617501991028,1.1370623561411024
4.153471e-01,0.8380022889995308,0.8380022889995308,0.8315061472243409,0.8250100054491507,0.8250100054491507,0.8185138636739605,0.8120177218987703,0.8055215801235801,0.79902543834839,0.7925292965731998,0.7860331547980096,0.7762889421352243,0.7697928003600341,0.7600485876972488,0.7503043750344639,0.7373120914840835,0.7275678788212983,0.7145755952709177,0.6950871699453474,0.6788468155073718,0.6593583901818016,0.6366218939686359,0.6106373268678752,0.5781566179919245,0.5424278382283787,0.5002029166896427,0.4449857116005262,0.3767762229610293,0.2890783089959621,0.1721477570425393,0.022736496213165723,0.3020705925463425,1.8968733983555277,2.078765368060852,2.2054401326770603,2.2866419048669373,2.4068205277079553,2.5010145834482125,2.6146970645140404,2.5464875758745436,2.2866419048669373,1.8319119806036257,1.672756507111467,1.575314380483614,1.5006087500689276,1.4453915449798111,1.3999185525534803,1.3641897727899341,1.3317090639139832,1.3057244968132224,1.2829880006000571,1.2667476461620817,1.2472592208365112,1.2342669372861308,1.2180265828481553,1.205034299297775,1.1952900866349896,1.1855458739722047,1.1758016613094195,1.1693055195342292,1.1595613068714439
4.234060e-01,0.854262034905492,0.854262034905492,0.847639848588395,0.8410176622712983,0.8410176622712983,0.8343954759542013,0.8277732896371044,0.8211511033200078,0.814528917002911,0.807906730685814,0.8012845443687172,0.7913512648930718,0.7847290785759752,0.7747957991003299,0.7648625196246845,0.751618146990491,0.7416848675148456,0.7284404948806519,0.7085739359293616,0.6920184701366193,0.672151911185329,0.6489742590754897,0.6224855138071025,0.5893745822216184,0.5529525574775859,0.5099083464164563,0.45361976272113325,0.3840868063916166,0.29468729111080905,0.17548793740306623,0.02317765210983869,0.3112427569035514,1.9303673114337279,2.1157885283124394,2.2283656957030855,2.311143024666796,2.4402756578501843,2.5296751731309914,2.652185619997283,2.5925859431434115,2.539608452606637,1.8773898208969533,1.7085240698109836,1.6025690887374344,1.5297250392493693,1.4734364555540462,1.4270811513343682,1.3906591265903359,1.3575481950048511,1.331059449736464,1.307881797626625,1.2913263318338832,1.274770866041141,1.2582154002483987,1.241659934455657,1.2284155618214632,1.2184822823458177,1.2085490028701729,1.1986157233945274,1.1919935370774306,1.1820602576017851
4.314650e-01,0.8705217808114528,0.8705217808114528,0.8637735499524496,0.8570253190934459,0.8570253190934459,0.8502770882344425,0.8435288573754389,0.8367806265164356,0.830032395657432,0.8232841647984284,0.8165359339394248,0.8064135876509196,0.7996653567919161,0.7895430105034109,0.7794206642149055,0.7692983179264005,0.7558018562083932,0.7423053944903863,0.7220607019133755,0.7051901247658668,0.6849454321888565,0.6613266241823442,0.6343337007463301,0.6039666618808145,0.563477276726793,0.5196137761432703,0.4622538138417406,0.39139738982220385,0.30367038865515783,0.17882811776359317,0.02361880800651226,0.32054096580266705,1.9671092953995237,2.1526856440221205,2.2505349914776707,2.3315137617857133,2.4698524943952855,2.564327726421334,2.685795881883397,2.638558265870373,2.587946534427847,1.9164975639569974,1.741043561622906,1.6364459833083516,1.558841328429811,1.5014813661282813,1.4542437501152568,1.4171284803907374,1.3833873260957197,1.356394402659706,1.3327755946531936,1.3159050175056848,1.2990344403581762,1.282163863210667,1.2652932860631585,1.2517968243451514,1.2416744780566462,1.2315521317681408,1.2214297854796354,1.2146815546206322,1.2045592083321268
4.395240e-01,0.8867815267174138,0.8867815267174138,0.8799072513165037,0.8730329759155935,0.8730329759155935,0.8661587005146836,0.8592844251137731,0.8524101497128629,0.8455358743119529,0.8386615989110426,0.8317873235101323,0.8214759104087671,0.8146016350078571,0.8042902219064917,0.7939788088051266,0.7836673957037611,0.7699188449019408,0.7561702941001203,0.73554746789739,0.7183617793951143,0.6977389531923837,0.6736789892891984,0.6461818876855574,0.6152476483814614,0.5740019959760005,0.5258820681696291,0.4708878649623477,0.3987079732527908,0.3093423930409582,0.18216829812411983,0.020622826202730624,0.3299652192436888,2.0004141416648644,2.1894567151898943,2.2685108823003617,2.3544393248117386,2.4987991082308523,2.5950389638435953,2.718775921059978,2.6878416817558826,2.632847478548601,1.9591684892594028,1.7770001911352828,1.66701178472072,1.5879576176102528,1.5295262767025164,1.481406348896145,1.4435978341911389,1.409226457186588,1.381729355582947,1.3576693916797615,1.340483703177486,1.323298014675211,1.3061123261729355,1.2923637753711148,1.2751780868688394,1.264866673767474,1.2545552606661088,1.2442438475647437,1.2373695721638334,1.227058159062468
4.475830e-01,0.9030412726233751,0.9030412726233751,0.8960409526805581,0.8890406327377414,0.8890406327377414,0.8820403127949243,0.8750399928521077,0.8680396729092905,0.8610393529664739,0.8540390330236568,0.8470387130808403,0.8365382331666149,0.8295379132237981,0.8190374333095727,0.8085369533953475,0.7980364734811224,0.7840358335954885,0.7665350337384464,0.7490342338814042,0.731533434024362,0.7105324741959115,0.6860313543960523,0.658030074624785,0.6265286348821091,0.5845267152252077,0.5355244756254898,0.479521916082955,0.4060185566833778,0.3115142374553505,0.18550847848464677,0.017500799857042254,1.421064948391823,2.0370931033597066,2.226101741815762,2.2891046213011133,2.3766086205863246,2.5271154993568867,2.6286201385277312,2.7546258974984346,2.7336249376699837,2.6811225380988577,2.005591663617031,1.8165830251609756,1.7010777461044972,1.6205740667621034,1.5610713472481603,1.512069107648442,1.470067187991541,1.4350655882774566,1.4105644684775975,1.38256318870633,1.3650623888492874,1.3475615889922457,1.3300607891352034,1.3160601492495698,1.2985593493925276,1.2880588694783026,1.2775583895640774,1.2670579096498518,1.260057589707035,1.2495571097928095
4.556419e-01,0.9193010185293362,0.9193010185293362,0.9121746540446126,0.9050482895598894,0.9050482895598894,0.8979219250751654,0.8907955605904422,0.8836691961057184,0.8765428316209951,0.8694164671362712,0.8622901026515479,0.8516005559244624,0.8444741914397391,0.8337846447126539,0.8230950979855683,0.8124055512584831,0.7981528222890361,0.7803369110772272,0.7660841821077804,0.7447050886536094,0.723325995199439,0.6983837195029066,0.6698782615640122,0.6342464391403947,0.5914882522320535,0.5451668830813504,0.4881559672035624,0.413329140113965,0.3171232195701975,0.1888486588451737,0.01781591121180879,1.5286051819731983,2.0702088828121874,2.262620723899723,2.3160684575351493,2.4015848313518315,2.554801667773388,2.6616971350442404,2.7899716957692644,2.7828453312845407,2.725834415406753,2.0452666071156544,1.8528547660281196,1.735269752030181,1.6497533782134983,1.5856160978509866,1.539294728700284,1.5000997240343041,1.4644679016106867,1.4359624436717926,1.4074569857328987,1.3896410745210899,1.3718251633092808,1.3540092520974716,1.3397565231280248,1.3219406119162158,1.3148142474314923,1.3005615184620454,1.2898719717349603,1.2827456072502366,1.2720560605231512
4.637009e-01,0.9355607644352973,0.9355607644352973,0.9283083554086671,0.9210559463820368,0.9210559463820368,0.9138035373554068,0.9065511283287765,0.8992987193021461,0.8920463102755162,0.8847939012488858,0.8775414922222555,0.8666628786823105,0.8594104696556799,0.8485318561157349,0.8376532425757892,0.8267746290358442,0.8122698109825837,0.7941387884160083,0.7796339703627476,0.757876743282857,0.7361195162029665,0.7107360846097608,0.6817264485032402,0.6454644033700889,0.6019499492103076,0.5548092905372111,0.4967900183241698,0.42063972354455226,0.32273220168504446,0.19218883920570037,0.018131022566575623,1.6390444400184279,2.1068248222360766,2.299013661441777,2.335275706574928,2.4186784103811756,2.58548381799367,2.6906437488798085,2.821187111359152,2.8284395203857824,2.7740464526860555,2.092320004182816,1.885626346923855,1.7623353934711417,1.6789326896648942,1.6136610084252223,1.5665203497521258,1.5230058955923444,1.4903700549725085,1.4613604188659879,1.435976987272782,1.4142197601928912,1.3924625331130005,1.3743315105464249,1.3634528970064796,1.345321874439904,1.338069465413274,1.3235646473600133,1.3126860338200683,1.3054336247934382,1.2945550112534927
4.717599e-01,0.9518205103412583,0.9518205103412583,0.9444420567727212,0.9370636032041845,0.9370636032041845,0.9296851496356477,0.9223066960671107,0.914928242498574,0.9075497889300369,0.9038605621457685,0.8927928817929631,0.881725201440158,0.8743467478716209,0.8632790675188156,0.8522113871660104,0.8411437068132047,0.8263867996761312,0.8079406657547887,0.7931837586177153,0.7710483979121044,0.7489130372064939,0.7230884497166147,0.6898854086581987,0.6566823675997828,0.6161008729728301,0.5644516979930717,0.5017348426605082,0.4279503069751395,0.3283411837998914,0.1955290195662273,0.01844613392134216,1.759761176096047,2.1434407616599653,2.3352805544419244,2.353726688363267,2.4422681311857093,2.611972563262057,2.7189601400058416,2.8554615310237743,2.8775968917293855,2.8222584899653587,2.1397515348756966,1.922087154603859,1.7966534439387318,1.7118012279005577,1.6453951457837257,1.5900567440196989,1.5494752493927462,1.5162722083343299,1.4867583940601823,1.4609338065703035,1.4387984458646927,1.4166630851590818,1.39821695123774,1.3871492708849344,1.3723923637478608,1.3613246833950554,1.3465677762579817,1.3355000959051762,1.3281216423366393,1.3170539619838342
4.798188e-01,0.9680802562472194,0.9680802562472194,0.960575758136776,0.9530712600263321,0.9493190109711104,0.9455667619158887,0.9380622638054449,0.9305577656950015,0.9268055166397797,0.9193010185293362,0.908044271363671,0.8967875241980054,0.889283026087562,0.8780262789218968,0.8667695317562313,0.855512784590566,0.8405037883696788,0.8217425430935701,0.8067335468726828,0.7842200525413521,0.7617065582100214,0.7354408148234689,0.7016705733264726,0.6679003318294771,0.6266255922220373,0.5740941054489324,0.5103058715101622,0.4352608904057265,0.33395016591473836,0.19886919992675425,0.018761245276108694,1.891133523831777,2.1763044520286328,2.3714214029001655,2.3751736519553868,2.4652276292807094,2.6378310858209115,2.750398557477565,2.885479523465549,2.923002014017767,2.8667182781894405,2.1875611991942976,1.95867400682577,1.831097538948229,1.7372913125676843,1.673503078628914,1.6172193428005874,1.5759446031931477,1.542174361696152,1.5121563692543776,1.485890625867825,1.4633771315364943,1.4408636372051635,1.422102391929055,1.4108456447633895,1.3958366485425022,1.384579901376837,1.3695709051559497,1.3583141579902844,1.350809659879841,1.3433051617693974
4.878778e-01,0.9843400021531803,0.9843400021531803,0.9767094595008301,0.9690789168484799,0.9652636455223047,0.9614483741961296,0.9538178315437794,0.9461872888914292,0.9423720175652541,0.9347414749129039,0.9232956609343786,0.9118498469558532,0.9042193043035031,0.8927734903249774,0.8813276763464521,0.8698818623679269,0.8546207770632261,0.8355444204323506,0.8202833351276502,0.7973917071705995,0.7745000792135489,0.7477931799303231,0.7134557379947472,0.679118296059171,0.6371503114712445,0.583736512904793,0.522692171685991,0.44638674516248855,0.3395591480295856,0.2022093802872812,0.019076356630875528,2.0335396168513378,2.212857369181568,2.407436206816499,2.3959903928379744,2.4875569046661767,2.6668746569964075,2.7813327967816606,2.9148672931977906,2.9720963630904165,2.9148672931977897,2.2357489971386193,1.9953869035895868,1.861852407173457,1.7702858953452545,1.7016110114741023,1.6481972129076508,1.6024139569935492,1.5680765150579732,1.5375543444485724,1.5108474451653466,1.4841405458821206,1.4650641892512448,1.4459878326203692,1.434542018641844,1.4192809333371434,1.4078351193586183,1.3925740340539179,1.3811282200753925,1.3734976774230423,1.365867134770692
4.959368e-01,1.000599748059141,1.000599748059141,0.9928431608648842,0.9850865736706272,0.9812082800734988,0.9773299864763704,0.9695733992821134,0.9618168120878567,0.9579385184907283,0.9501819312964713,0.9346687569079577,0.9269121697137007,0.9191555825194438,0.9075207017280584,0.895885820936673,0.8842509401452876,0.8687377657567736,0.8493462977711316,0.8338331233826177,0.8105633617998472,0.7834153066199478,0.760145545037177,0.7252409026630211,0.6903362602888649,0.647675030720452,0.5933789203606536,0.5313262228065984,0.4498820572669007,0.3451681301444326,0.20554956064780816,0.019391467985642362,2.0981568360464937,2.245531992737375,2.431690085399541,2.416176911011027,2.50925595734211,2.687657462810019,2.8117628579181293,2.951381427414754,3.0173124185659375,2.9591380146090107,2.288193222305788,2.0322258448953106,1.8964855689958144,1.799528229067603,1.7297189443192906,1.6754228339594923,1.6288833107939507,1.5939786684197945,1.5629523196427673,1.535804264462868,1.508656209282969,1.4892647412973266,1.4698732733116846,1.458238392520299,1.4427252181317853,1.4272120437432714,1.4155771629518858,1.4039422821605005,1.3961856949662437,1.3884291077719866
